{
    "OneName": "化学危险品类",
    "RadioCount": 73,
    "A": [
        {
            "ID": "19",
            "ISSC": "",
            "Caption": "在蒸馏低沸点有机化合物时应采取（）加热。",
            "optionA": "煤气灯",
            "optionB": "热水浴",
            "optionC": "电炉",
            "optionD": "砂浴",
            "optionE": "",
            "optionF": "",
            "AnSwer": "B",
            "ReMark": ""
        },
        {
            "ID": "98",
            "ISSC": "",
            "Caption": "用剩的活泼金属残渣应",
            "optionA": "连同溶剂一起作为废液处理",
            "optionB": "缓慢滴加乙醇将所有金属反应完毕后，整体作为废液处理",
            "optionC": "将金属取出暴露在空气中使其氧化完全",
            "optionD": "",
            "optionE": "",
            "optionF": "",
            "AnSwer": "B",
            "ReMark": ""
        },
        {
            "ID": "108",
            "ISSC": "",
            "Caption": "易燃易爆试剂应放在",
            "optionA": "铁柜中，柜的顶部要有通风口",
            "optionB": "木柜中，柜的顶部要有通风口",
            "optionC": "铁柜中，并要密封保存",
            "optionD": "木柜中，并要密封保存",
            "optionE": "",
            "optionF": "",
            "AnSwer": "A",
            "ReMark": ""
        },
        {
            "ID": "111",
            "ISSC": "",
            "Caption": "易燃类液体的特点是",
            "optionA": "闪点在25℃以下的液体，闪点越低，越易燃烧",
            "optionB": "极易挥发成气体",
            "optionC": "遇明火即燃烧",
            "optionD": "以上都是",
            "optionE": "",
            "optionF": "",
            "AnSwer": "D",
            "ReMark": ""
        },
        {
            "ID": "113",
            "ISSC": "",
            "Caption": "易燃化学试剂存放和使用的注意事项正确是",
            "optionA": "要求单独存放于阴凉通风处",
            "optionB": "放在冰箱中时，要使用防爆冰箱",
            "optionC": "远离火源，绝对不能使用明火加热",
            "optionD": "以上都是",
            "optionE": "",
            "optionF": "",
            "AnSwer": "D",
            "ReMark": ""
        },
        {
            "ID": "121",
            "ISSC": "",
            "Caption": "以下液体中，投入金属钠最可能发火燃烧的是",
            "optionA": "无水乙醇",
            "optionB": "苯",
            "optionC": "水",
            "optionD": "汽油",
            "optionE": "",
            "optionF": "",
            "AnSwer": "C",
            "ReMark": ""
        },
        {
            "ID": "123",
            "ISSC": "",
            "Caption": "以下药品中，可以与水直接接触的是",
            "optionA": "金属钠、钾",
            "optionB": "电石",
            "optionC": "白磷",
            "optionD": "金属氢化物",
            "optionE": "",
            "optionF": "",
            "AnSwer": "C",
            "ReMark": ""
        },
        {
            "ID": "125",
            "ISSC": "",
            "Caption": "以下药品受震或受热可能发生爆炸的是",
            "optionA": "过氧化物",
            "optionB": "高氯酸盐",
            "optionC": "乙炔铜",
            "optionD": "以上都是",
            "optionE": "",
            "optionF": "",
            "AnSwer": "D",
            "ReMark": ""
        },
        {
            "ID": "127",
            "ISSC": "",
            "Caption": "以下物质中，哪些应该在通风橱内操作？",
            "optionA": "氢气",
            "optionB": "氮气",
            "optionC": "氦气",
            "optionD": "氯化氢",
            "optionE": "",
            "optionF": "",
            "AnSwer": "D",
            "ReMark": ""
        },
        {
            "ID": "129",
            "ISSC": "",
            "Caption": "以下是酸灼伤的处理方法，其顺序为？①以1～2％NaHCO3溶液洗。②立即用大量水洗。③送医院",
            "optionA": "①③②",
            "optionB": "②①③",
            "optionC": "③①②",
            "optionD": "③②①",
            "optionE": "",
            "optionF": "",
            "AnSwer": "B",
            "ReMark": ""
        },
        {
            "ID": "130",
            "ISSC": "",
            "Caption": "以下什么物质引起的皮肤灼伤禁用水洗",
            "optionA": "五氧化二磷",
            "optionB": "五硫化磷",
            "optionC": "五氯化磷",
            "optionD": "以上都是",
            "optionE": "",
            "optionF": "",
            "AnSwer": "D",
            "ReMark": ""
        },
        {
            "ID": "133",
            "ISSC": "",
            "Caption": "以下哪种物质不会灼伤皮肤",
            "optionA": "强碱、强酸",
            "optionB": "强氧化剂",
            "optionC": "溴",
            "optionD": "KBr、NaBr水溶液",
            "optionE": "",
            "optionF": "",
            "AnSwer": "D",
            "ReMark": ""
        },
        {
            "ID": "135",
            "ISSC": "",
            "Caption": "以下哪种酸具有强腐蚀性，使用时须做必要防护",
            "optionA": "硝酸",
            "optionB": "硼酸",
            "optionC": "稀醋酸",
            "optionD": "",
            "optionE": "",
            "optionF": "",
            "AnSwer": "A",
            "ReMark": ""
        },
        {
            "ID": "144",
            "ISSC": "",
            "Caption": "以下几种气体中，有毒的气体为：",
            "optionA": "氧气",
            "optionB": "氮气",
            "optionC": "氯气",
            "optionD": "二氧化碳",
            "optionE": "",
            "optionF": "",
            "AnSwer": "C",
            "ReMark": ""
        },
        {
            "ID": "152",
            "ISSC": "",
            "Caption": "乙醇属于（　）级别的毒性物质",
            "optionA": "高毒",
            "optionB": "中等毒性",
            "optionC": "低毒",
            "optionD": "微毒",
            "optionE": "",
            "optionF": "",
            "AnSwer": "D",
            "ReMark": ""
        },
        {
            "ID": "170",
            "ISSC": "",
            "Caption": "要配制一般精度的三氯化铝的水溶液应选用（　）配制水溶液",
            "optionA": "无水三氯化铝",
            "optionB": "含结晶水的三氯化铝",
            "optionC": "铝粉",
            "optionD": "",
            "optionE": "",
            "optionF": "",
            "AnSwer": "B",
            "ReMark": ""
        },
        {
            "ID": "171",
            "ISSC": "",
            "Caption": "药品中毒的途径有哪些？",
            "optionA": "呼吸器官吸入。",
            "optionB": "由皮肤渗入",
            "optionC": "吞入。",
            "optionD": "以上都是。",
            "optionE": "",
            "optionF": "",
            "AnSwer": "D",
            "ReMark": ""
        },
        {
            "ID": "187",
            "ISSC": "",
            "Caption": "学校对危险化学废物的处理的工作原则是：",
            "optionA": "自行处理",
            "optionB": "分类收集、定点存放、专人管理、集中处理",
            "optionC": "当作生活垃圾处理",
            "optionD": "以上都不对",
            "optionE": "",
            "optionF": "",
            "AnSwer": "B",
            "ReMark": ""
        },
        {
            "ID": "197",
            "ISSC": "",
            "Caption": "显微镜的油镜使用后，应先用擦镜纸将镜头上的油渍擦去，再用蘸有少许( 　)的擦镜纸擦2－3次，最后用干净的擦镜纸将上述溶剂擦去",
            "optionA": "二甲苯",
            "optionB": "酒精",
            "optionC": "洗涤剂",
            "optionD": "汽油",
            "optionE": "",
            "optionF": "",
            "AnSwer": "A",
            "ReMark": ""
        },
        {
            "ID": "209",
            "ISSC": "",
            "Caption": "下列说法错误的是",
            "optionA": "丙酮、乙醇都有较强的挥发性和易燃性，二者都不能在任何有明火的地方使用",
            "optionB": "丙酮会对肝脏和大脑造成损害，因此避免吸入丙酮气体",
            "optionC": "强酸强碱等不能与身体接触",
            "optionD": "弱酸弱碱在使用中可以与身体接触",
            "optionE": "",
            "optionF": "",
            "AnSwer": "D",
            "ReMark": ""
        },
        {
            "ID": "212",
            "ISSC": "",
            "Caption": "下列实验室操作及安全的叙述何者是正确的？",
            "optionA": "嗅闻气体的气味时，应将鼻子和容器保持20公分以上的距离，并且不可用手挥引其气体。",
            "optionB": "当强碱溶液溅出时，可先用大量的水稀释后再处理。",
            "optionC": "温度计破碎流出的汞，宜洒上盐酸使反应为氯化汞后再弃之。",
            "optionD": "实验后所取用剩余的药品应小心倒回原容器，以免浪费。",
            "optionE": "",
            "optionF": "",
            "AnSwer": "B",
            "ReMark": ""
        },
        {
            "ID": "213",
            "ISSC": "",
            "Caption": "下列实验室操作及安全的叙述，正确的是",
            "optionA": "实验后所取用剩余的药品应小心倒回原容器，以免浪费",
            "optionB": "当强碱溶液溅出时，可先用大量的水稀释后再处理",
            "optionC": "温度计破碎流出的汞，宜洒上盐酸使反应为氯化汞后再弃之",
            "optionD": "",
            "optionE": "",
            "optionF": "",
            "AnSwer": "B",
            "ReMark": ""
        },
        {
            "ID": "223",
            "ISSC": "",
            "Caption": "下列哪一项不是发生爆炸的基本因素",
            "optionA": "温度",
            "optionB": "压力",
            "optionC": "湿度",
            "optionD": "着火源",
            "optionE": "",
            "optionF": "",
            "AnSwer": "C",
            "ReMark": ""
        },
        {
            "ID": "234",
            "ISSC": "",
            "Caption": "下列几种物质中的（）与乙醇混溶时易发生爆炸。",
            "optionA": "高氯酸",
            "optionB": "乙醚",
            "optionC": "水",
            "optionD": "丙酮",
            "optionE": "",
            "optionF": "",
            "AnSwer": "A",
            "ReMark": ""
        },
        {
            "ID": "241",
            "ISSC": "",
            "Caption": "下列陈述正确的是？",
            "optionA": "不能对瓶子量筒等容器加热，而圆底烧瓶和锥形瓶都可以加热。",
            "optionB": "在通风橱操作时，女士必须将长头发整理好。",
            "optionC": "非一次性防护手套脱下前必须冲洗干净，而一次性手套时须从后向前。",
            "optionD": "可以抓住塑料瓶子的塞子搬运瓶子，而不能抓住玻璃瓶子的塞子搬运。",
            "optionE": "",
            "optionF": "",
            "AnSwer": "C",
            "ReMark": ""
        },
        {
            "ID": "245",
            "ISSC": "",
            "Caption": "下列不属于剧毒化学品的是",
            "optionA": "氰化钾",
            "optionB": "氯化汞",
            "optionC": "铊",
            "optionD": "甲醛",
            "optionE": "",
            "optionF": "",
            "AnSwer": "D",
            "ReMark": ""
        },
        {
            "ID": "265",
            "ISSC": "",
            "Caption": "为避免误食有毒的化学药品，以下说法正确的是？",
            "optionA": "可把食物、食具带进化验室。",
            "optionB": "在实验室内可吃口香糖。",
            "optionC": "使用化学药品后须先洗净双手方能进食。",
            "optionD": "实验室内可以吸烟。",
            "optionE": "",
            "optionF": "",
            "AnSwer": "C",
            "ReMark": ""
        },
        {
            "ID": "272",
            "ISSC": "",
            "Caption": "危险化学品的毒害包括",
            "optionA": "皮肤腐蚀性／刺激性，眼损伤／眼刺激",
            "optionB": "急性中毒致死，器官或呼吸系统损伤，生殖细胞突变性，致癌性",
            "optionC": "水环境危害性，放射性危害",
            "optionD": "以上都是",
            "optionE": "",
            "optionF": "",
            "AnSwer": "D",
            "ReMark": ""
        },
        {
            "ID": "298",
            "ISSC": "",
            "Caption": "是会发生爆炸的物质。",
            "optionA": "氧化锌",
            "optionB": "三硝基甲苯",
            "optionC": "四氯化碳",
            "optionD": "氧化铁",
            "optionE": "",
            "optionF": "",
            "AnSwer": "B",
            "ReMark": ""
        },
        {
            "ID": "303",
            "ISSC": "",
            "Caption": "使用易燃易爆的化学药品，不正确的操作是",
            "optionA": "可以用明火加热",
            "optionB": "在通风橱中进行操作",
            "optionC": "不可猛烈撞击",
            "optionD": "加热时使用水浴或油浴",
            "optionE": "",
            "optionF": "",
            "AnSwer": "A",
            "ReMark": ""
        },
        {
            "ID": "362",
            "ISSC": "",
            "Caption": "实验室内的汞蒸气会造成人员慢性中毒，为了减少汞液面的蒸发，可在汞液面上覆盖什么液体，效果最好？",
            "optionA": "水液体",
            "optionB": "甘油",
            "optionC": "5%Na2S+H2O",
            "optionD": "",
            "optionE": "",
            "optionF": "",
            "AnSwer": "B",
            "ReMark": ""
        },
        {
            "ID": "376",
            "ISSC": "",
            "Caption": "实验室的废弃化学试剂和实验产生的有毒有害废液、废物，可以",
            "optionA": "集中分类存放，贴好标签，待送中转站集中处理",
            "optionB": "向下水口倾倒",
            "optionC": "随垃圾丢弃",
            "optionD": "",
            "optionE": "",
            "optionF": "",
            "AnSwer": "A",
            "ReMark": ""
        },
        {
            "ID": "390",
            "ISSC": "",
            "Caption": "实验开始前应该做好哪些准备",
            "optionA": "必须认真预习，理清实验思路",
            "optionB": "应仔细检查仪器是否有破损，掌握正确使用仪器的要点，弄清水、电、气的管线开关和标记，保持清醒头脑，避免违规操作",
            "optionC": "了解实验中使用的药品的性能和有可能引起的危害及相应的注意事项",
            "optionD": "以上都是",
            "optionE": "",
            "optionF": "",
            "AnSwer": "D",
            "ReMark": ""
        },
        {
            "ID": "417",
            "ISSC": "",
            "Caption": "生物实验中的一次性手套及沾染EB致癌物质的物品，应：",
            "optionA": "丢弃在普通垃圾箱内",
            "optionB": "统一收集和处理",
            "optionC": "随意放在实验室",
            "optionD": "",
            "optionE": "",
            "optionF": "",
            "AnSwer": "B",
            "ReMark": ""
        },
        {
            "ID": "421",
            "ISSC": "",
            "Caption": "生石灰烧伤应如何处理",
            "optionA": "立即用大量水冲洗",
            "optionB": "立即用1%～2%的醋酸冲洗",
            "optionC": "先用卫生纸或干布尽量清除皮肤上的生石灰，再用大量水清洗",
            "optionD": "立即去医院处理",
            "optionE": "",
            "optionF": "",
            "AnSwer": "C",
            "ReMark": ""
        },
        {
            "ID": "430",
            "ISSC": "",
            "Caption": "涉及有毒试剂的操作时，应采取的保护措施包括",
            "optionA": "佩戴适当的个人防护器具",
            "optionB": "了解试剂毒性，在通风橱中操作",
            "optionC": "做好应急救援预案",
            "optionD": "以上都是",
            "optionE": "",
            "optionF": "",
            "AnSwer": "D",
            "ReMark": ""
        },
        {
            "ID": "483",
            "ISSC": "",
            "Caption": "清洁分光光度计比色皿的透光面可以用(　 )擦拭",
            "optionA": "纱布",
            "optionB": "毛刷",
            "optionC": "镜头纸",
            "optionD": "滤纸",
            "optionE": "",
            "optionF": "",
            "AnSwer": "C",
            "ReMark": ""
        },
        {
            "ID": "500",
            "ISSC": "",
            "Caption": "皮肤接触了高温（热的物体、火焰、蒸气）、低温（固体二氧化碳、液体氮）和腐蚀性物质，如强酸、强碱、溴等都会造成灼伤。如果发生意外正确的处理方法是？",
            "optionA": "浓硫酸沾到皮肤上，直接用水冲洗。",
            "optionB": "不管什么情况，马上送医院就医。",
            "optionC": "金属钠溅入眼内，立即用大量水冲洗。",
            "optionD": "",
            "optionE": "",
            "optionF": "",
            "AnSwer": "B",
            "ReMark": ""
        },
        {
            "ID": "502",
            "ISSC": "",
            "Caption": "配制液体时，下列哪个陈述是正确的？",
            "optionA": "稀释强酸时，必须将酸倒入水中，禁止将水倒入酸中；稀释弱酸时将水倒入酸中也可以。",
            "optionB": "将盛有自配液体的容器做好标记，必须包括：成分、浓度、姓名、联系方式、日期等。",
            "optionC": "使用移液管和量筒分别计量，进行配置溶液。",
            "optionD": "",
            "optionE": "",
            "optionF": "",
            "AnSwer": "B",
            "ReMark": ""
        },
        {
            "ID": "527",
            "ISSC": "",
            "Caption": "氯仿属于（ ）级别的毒性物质",
            "optionA": "剧毒",
            "optionB": "高毒",
            "optionC": "中等毒性",
            "optionD": "低毒",
            "optionE": "",
            "optionF": "",
            "AnSwer": "C",
            "ReMark": ""
        },
        {
            "ID": "528",
            "ISSC": "",
            "Caption": "铝粉、保险粉自燃时应（　）扑救",
            "optionA": "用水灭火",
            "optionB": "用泡沫灭火器",
            "optionC": "用干粉灭火器",
            "optionD": "用干砂子灭火",
            "optionE": "",
            "optionF": "",
            "AnSwer": "D",
            "ReMark": ""
        },
        {
            "ID": "538",
            "ISSC": "",
            "Caption": "领取及存放化学药品时，以下说法错误的是：",
            "optionA": "确认容器上标示的中文名称是否为需要的实验用药品",
            "optionB": "学习并清楚化学药品危害标示和图样。",
            "optionC": "化学药品应分类存放。",
            "optionD": "有机溶剂，固体化学药品，酸、碱化合物可以存放于同一药品柜中",
            "optionE": "",
            "optionF": "",
            "AnSwer": "D",
            "ReMark": ""
        },
        {
            "ID": "550",
            "ISSC": "",
            "Caption": "具有（）性质的化学品属于化学危险品。",
            "optionA": "爆炸",
            "optionB": "易燃、腐蚀、放射性",
            "optionC": "毒害",
            "optionD": "以上都是",
            "optionE": "",
            "optionF": "",
            "AnSwer": "D",
            "ReMark": ""
        },
        {
            "ID": "562",
            "ISSC": "",
            "Caption": "进行危险物质、挥发性有机溶剂、特定化学物质或毒性化学物质等操作实验或研究，说法错误的是：",
            "optionA": "必须戴防护口罩",
            "optionB": "必须戴防护手套",
            "optionC": "必须戴防护眼镜",
            "optionD": "无所谓",
            "optionE": "",
            "optionF": "",
            "AnSwer": "D",
            "ReMark": ""
        },
        {
            "ID": "566",
            "ISSC": "",
            "Caption": "进入化学清洗间，下列陈述哪个是错误的？",
            "optionA": "使用规定类型的手套时，注意检查手套是否破损。",
            "optionB": "不要用手套碰自己的脸，如果需要扶正眼镜或者整理头发，用胳膊或者肩膀，手套上有可能带有危险化学品。",
            "optionC": "严格禁止将头部伸入通风橱。",
            "optionD": "仅在化学间用自来水或去离子水，不接触化学品，可以不戴防护手套。",
            "optionE": "",
            "optionF": "",
            "AnSwer": "D",
            "ReMark": ""
        },
        {
            "ID": "570",
            "ISSC": "",
            "Caption": "金属钠着火可采用的灭火方式有（）灭火。",
            "optionA": "干砂",
            "optionB": "水",
            "optionC": "干粉灭火器",
            "optionD": "泡沫灭火器",
            "optionE": "",
            "optionF": "",
            "AnSwer": "A",
            "ReMark": ""
        },
        {
            "ID": "574",
            "ISSC": "",
            "Caption": "金属Hg常温下",
            "optionA": "不挥发",
            "optionB": "慢慢挥发",
            "optionC": "很快挥发",
            "optionD": "",
            "optionE": "",
            "optionF": "",
            "AnSwer": "B",
            "ReMark": ""
        },
        {
            "ID": "584",
            "ISSC": "",
            "Caption": "减压蒸馏时应用（ ）作为接收瓶和反应瓶",
            "optionA": "薄壁试管",
            "optionB": "锥形瓶、圆底烧瓶",
            "optionC": "平底烧瓶",
            "optionD": "",
            "optionE": "",
            "optionF": "",
            "AnSwer": "B",
            "ReMark": ""
        },
        {
            "ID": "585",
            "ISSC": "",
            "Caption": "甲醇属于（ ）级别的毒性物质",
            "optionA": "高毒",
            "optionB": "中等毒性",
            "optionC": "低毒",
            "optionD": "微毒",
            "optionE": "",
            "optionF": "",
            "AnSwer": "C",
            "ReMark": ""
        },
        {
            "ID": "586",
            "ISSC": "",
            "Caption": "甲苯属于（ ）级别的毒性物质",
            "optionA": "剧毒",
            "optionB": "高毒",
            "optionC": "低毒",
            "optionD": "微毒",
            "optionE": "",
            "optionF": "",
            "AnSwer": "C",
            "ReMark": ""
        },
        {
            "ID": "589",
            "ISSC": "",
            "Caption": "加热、回流易燃液体，为防止暴沸、喷溅，蒸馏中途",
            "optionA": "应添加适量沸石",
            "optionB": "不能添加沸石",
            "optionC": "",
            "optionD": "",
            "optionE": "",
            "optionF": "",
            "AnSwer": "B",
            "ReMark": ""
        },
        {
            "ID": "621",
            "ISSC": "",
            "Caption": "关于氢氟酸的描述哪个是错误的？",
            "optionA": "氢氟酸有强烈的腐蚀性和危害性，皮肤接触氢氟酸后可出现疼痛及灼伤，随时间疼痛渐剧，皮肤下组织被破坏，这种破坏会传播到骨骼；稀的氢氟酸危害性很低，不会产生严重烧伤。",
            "optionB": "氢氟酸蒸气溶于眼球内的液体中会对人的视力造成永久损害。",
            "optionC": "使用氢氟酸一定要戴防护手套，工作中注意不要接触氢氟酸蒸汽。",
            "optionD": "工作结束后要注意用水冲洗手套、器皿等，不能有任何残余留下。",
            "optionE": "",
            "optionF": "",
            "AnSwer": "A",
            "ReMark": ""
        },
        {
            "ID": "638",
            "ISSC": "",
            "Caption": "各实验室在运送化学废弃物到各校区临时收集中转仓库之前，可以",
            "optionA": "堆放在走廊上",
            "optionB": "堆放在过道上",
            "optionC": "集中分类存放在实验室内，贴好物品标签",
            "optionD": "",
            "optionE": "",
            "optionF": "",
            "AnSwer": "C",
            "ReMark": ""
        },
        {
            "ID": "643",
            "ISSC": "",
            "Caption": "高温实验装置使用注意事项错误的是",
            "optionA": "注意防护高温对人体的辐射",
            "optionB": "熟悉高温装置的使用方法，并细心地进行操作",
            "optionC": "如不得已非将高温炉之类高温装置置于耐热性差的实验台上进行实验时，装置与台面之间要保留一厘米以上的间隙，并加垫隔热层，以防台面着火",
            "optionD": "使用高温装置的实验，要求在防火建筑内或配备有防火设施的室内进行，并要求密闭，减少热量损失",
            "optionE": "",
            "optionF": "",
            "AnSwer": "D",
            "ReMark": ""
        },
        {
            "ID": "649",
            "ISSC": "",
            "Caption": "干燥箱的使用温度范围为( )，常用鼓风式电热箱以加速升温",
            "optionA": "50－350℃",
            "optionB": "50－150℃",
            "optionC": "0℃－250℃",
            "optionD": "",
            "optionE": "",
            "optionF": "",
            "AnSwer": "C",
            "ReMark": ""
        },
        {
            "ID": "655",
            "ISSC": "",
            "Caption": "分子结构中含有—C=C—双键的试剂（药品）应",
            "optionA": "放在冰箱中",
            "optionB": "放在通风橱内",
            "optionC": "和其它试剂混放",
            "optionD": "",
            "optionE": "",
            "optionF": "",
            "AnSwer": "A",
            "ReMark": ""
        },
        {
            "ID": "656",
            "ISSC": "",
            "Caption": "分光光度计的吸光值在( )范围内准确度最高",
            "optionA": "0.0－1.0",
            "optionB": "0.6－1.0",
            "optionC": "0.2－0.7",
            "optionD": "",
            "optionE": "",
            "optionF": "",
            "AnSwer": "C",
            "ReMark": ""
        },
        {
            "ID": "657",
            "ISSC": "",
            "Caption": "分光光度计的比色皿盛样品液应为",
            "optionA": "2／3左右",
            "optionB": "1／2左右",
            "optionC": "装满",
            "optionD": "",
            "optionE": "",
            "optionF": "",
            "AnSwer": "A",
            "ReMark": ""
        },
        {
            "ID": "666",
            "ISSC": "",
            "Caption": "发生危险化学品事故后，应该向（）方向疏散。",
            "optionA": "下风",
            "optionB": "上风",
            "optionC": "顺风",
            "optionD": "",
            "optionE": "",
            "optionF": "",
            "AnSwer": "B",
            "ReMark": ""
        },
        {
            "ID": "680",
            "ISSC": "",
            "Caption": "对于强酸、强碱或剧毒的废液，应如何处置？",
            "optionA": "倒入排水系统。",
            "optionB": "集中存放，然后交相关部门处理。",
            "optionC": "",
            "optionD": "",
            "optionE": "",
            "optionF": "",
            "AnSwer": "B",
            "ReMark": ""
        },
        {
            "ID": "681",
            "ISSC": "",
            "Caption": "对于洁净室的工作服是帽子、衣服、裤子和袜套分开的，正确的穿着是？",
            "optionA": "帽子的披肩在衣服领子外面、衣服下摆在裤子外面、裤腿在袜套外面。",
            "optionB": "帽子的披肩在衣服领子里面、衣服下摆在裤子里面、裤腿在袜套里面。",
            "optionC": "子的披肩在衣服领子外面、衣服下摆在裤子里面、裤腿在袜套外面。",
            "optionD": "帽子的披肩在衣服领子里面、衣服下摆在裤子外面、裤腿在袜套里面。",
            "optionE": "",
            "optionF": "",
            "AnSwer": "B",
            "ReMark": ""
        },
        {
            "ID": "734",
            "ISSC": "",
            "Caption": "当不慎把少量浓硫酸滴在皮肤上时，正确的处理方法是：",
            "optionA": "用酒精擦",
            "optionB": "马上去医院",
            "optionC": "用碱液中和后，用水冲洗",
            "optionD": "以吸水性强的纸吸去后，用水冲洗",
            "optionE": "",
            "optionF": "",
            "AnSwer": "D",
            "ReMark": ""
        },
        {
            "ID": "736",
            "ISSC": "",
            "Caption": "当不慎把大量浓硫酸滴在皮肤上时，正确的处理方法是",
            "optionA": "用酒精棉球擦",
            "optionB": "不作处理，马上去医院",
            "optionC": "用碱液中和后，用水冲洗",
            "optionD": "以吸水性强的纸或布吸去后，再用水冲洗",
            "optionE": "",
            "optionF": "",
            "AnSwer": "D",
            "ReMark": ""
        },
        {
            "ID": "740",
            "ISSC": "",
            "Caption": "带油污（如凡士林或石蜡油）的玻璃器皿，在洗前尽量去除油污，然后放在( )中煮两次，再用洗涤剂和热水洗刷",
            "optionA": "市售洗涤剂",
            "optionB": "稀盐酸或铬酸洗涤液",
            "optionC": "5%的苏打液",
            "optionD": "",
            "optionE": "",
            "optionF": "",
            "AnSwer": "C",
            "ReMark": ""
        },
        {
            "ID": "747",
            "ISSC": "",
            "Caption": "大量试剂应放在",
            "optionA": "试剂架上",
            "optionB": "实验室内试剂柜中",
            "optionC": "实验台下柜中",
            "optionD": "试剂库内",
            "optionE": "",
            "optionF": "",
            "AnSwer": "D",
            "ReMark": ""
        },
        {
            "ID": "756",
            "ISSC": "",
            "Caption": "处理使用后的废液时，下列哪个说法是错误的？",
            "optionA": "不明的废液不可混合收集存放",
            "optionB": "废液不可任意处理",
            "optionC": "禁止将水以外的任何物质倒入下水道，以免造成环境污染和处理人员危险",
            "optionD": "少量废液用水稀释后，可直接倒入下水道",
            "optionE": "",
            "optionF": "",
            "AnSwer": "D",
            "ReMark": ""
        },
        {
            "ID": "765",
            "ISSC": "",
            "Caption": "超级恒温水浴使用时错误的操作是",
            "optionA": "超级恒温水浴内应使用去离子水（或纯净水）",
            "optionB": "恒温水浴内去离子水未加到“正常水位”严禁通电，防止干烧",
            "optionC": "可以使用自来水",
            "optionD": "",
            "optionE": "",
            "optionF": "",
            "AnSwer": "C",
            "ReMark": ""
        },
        {
            "ID": "789",
            "ISSC": "",
            "Caption": "玻璃电极的玻璃膜表面若粘有油污，使用( )浸洗，最后用蒸馏水洗净",
            "optionA": "酒精和四氯化碳",
            "optionB": "四氯化碳",
            "optionC": "酒精",
            "optionD": "",
            "optionE": "",
            "optionF": "",
            "AnSwer": "A",
            "ReMark": ""
        },
        {
            "ID": "793",
            "ISSC": "",
            "Caption": "苯属于（ ）级别的毒性物质",
            "optionA": "剧毒",
            "optionB": "高毒",
            "optionC": "低毒",
            "optionD": "微毒",
            "optionE": "",
            "optionF": "",
            "AnSwer": "B",
            "ReMark": ""
        },
        {
            "ID": "794",
            "ISSC": "",
            "Caption": "苯乙烯、甲基丙烯酸、乙酸乙烯酯应",
            "optionA": "放在防爆冰箱里",
            "optionB": "和其它试剂混放",
            "optionC": "放在通风橱内",
            "optionD": "",
            "optionE": "",
            "optionF": "",
            "AnSwer": "A",
            "ReMark": ""
        },
        {
            "ID": "820",
            "ISSC": "",
            "Caption": "HCN无色，气味为",
            "optionA": "无味",
            "optionB": "大蒜味",
            "optionC": "苦杏仁味",
            "optionD": "烂苹果味",
            "optionE": "",
            "optionF": "",
            "AnSwer": "C",
            "ReMark": ""
        },
        {
            "ID": "824",
            "ISSC": "",
            "Caption": "Cl2一般呈",
            "optionA": "棕色",
            "optionB": "无色",
            "optionC": "黄绿色",
            "optionD": "",
            "optionE": "",
            "optionF": "",
            "AnSwer": "C",
            "ReMark": ""
        },
        {
            "ID": "825",
            "ISSC": "",
            "Caption": "Cl2和CO作用生成的光气毒性比Cl2",
            "optionA": "小",
            "optionB": "大",
            "optionC": "",
            "optionD": "",
            "optionE": "",
            "optionF": "",
            "AnSwer": "B",
            "ReMark": ""
        }
    ],
    "CheckCount": 36,
    "B": [
        {
            "ID": "832",
            "ISSC": "",
            "Caption": "做普通溶剂蒸馏时应注意的操作是",
            "optionA": "充分了解各馏份的沸点",
            "optionB": "仔细检查装置的密闭情况",
            "optionC": "蒸馏瓶内可以不用加入沸石且蒸馏速度不用控制",
            "optionD": "要具有充分的冷却效果（冷却水的温度和气相溶剂有10℃以上的温差）并尽量使蒸馏在通风柜里操作",
            "optionE": "",
            "optionF": "",
            "AnSwer": "A|B|D",
            "ReMark": ""
        },
        {
            "ID": "883",
            "ISSC": "",
            "Caption": "易燃化学试剂存放和使用时应注意",
            "optionA": "要求单独存放于阴凉通风处",
            "optionB": "要求单独存放于干燥密封处",
            "optionC": "放在冰箱中时，一定要使用防爆冰箱",
            "optionD": "可直接用加热器或水浴加热",
            "optionE": "特别要注意远离火源，使用时绝对不能使用明火加热",
            "optionF": "",
            "AnSwer": "A|C|E",
            "ReMark": ""
        },
        {
            "ID": "884",
            "ISSC": "",
            "Caption": "以下药品中，不宜与水直接接触的是",
            "optionA": "金属钠、钾",
            "optionB": "电石",
            "optionC": "白磷",
            "optionD": "金属氢化物",
            "optionE": "",
            "optionF": "",
            "AnSwer": "A|B|D",
            "ReMark": ""
        },
        {
            "ID": "885",
            "ISSC": "",
            "Caption": "以下药品受震或受热可能发生爆炸的是",
            "optionA": "过氧化物",
            "optionB": "高氯酸盐",
            "optionC": "乙炔铜",
            "optionD": "乙炔",
            "optionE": "",
            "optionF": "",
            "AnSwer": "A|B|C|D",
            "ReMark": ""
        },
        {
            "ID": "888",
            "ISSC": "",
            "Caption": "以下几种气体中，有毒的气体为",
            "optionA": "氧气",
            "optionB": "一氧化碳",
            "optionC": "硫化氢",
            "optionD": "氰化氢",
            "optionE": "",
            "optionF": "",
            "AnSwer": "B|C|D",
            "ReMark": ""
        },
        {
            "ID": "891",
            "ISSC": "",
            "Caption": "一类固体化学试剂如金属钾、钠、锂、钙、电石等，遇水即可发生激烈反应，并放出大量热，也可产生爆炸，它们应",
            "optionA": "直接放在试剂瓶中保存",
            "optionB": "浸没在煤油中保存（容器不得渗漏）",
            "optionC": "用纸密封包裹存放",
            "optionD": "附近不得有盐酸、硝酸等散发酸雾的物质存在",
            "optionE": "",
            "optionF": "",
            "AnSwer": "B|D",
            "ReMark": ""
        },
        {
            "ID": "902",
            "ISSC": "",
            "Caption": "下列属于易燃液体的是",
            "optionA": "乙醚",
            "optionB": "乙醇",
            "optionC": "苯",
            "optionD": "二硫化碳",
            "optionE": "5%稀硫酸",
            "optionF": "",
            "AnSwer": "A|B|C|D",
            "ReMark": ""
        },
        {
            "ID": "903",
            "ISSC": "",
            "Caption": "下列属于危险化学品的是",
            "optionA": "易燃液体",
            "optionB": "氧化剂和有机过氧化物",
            "optionC": "汽油",
            "optionD": "放射性物品",
            "optionE": "剧毒药品和感染性物品",
            "optionF": "",
            "AnSwer": "A|B|C|D|E",
            "ReMark": ""
        },
        {
            "ID": "939",
            "ISSC": "",
            "Caption": "往玻璃管上套橡皮管（塞）时，应注意做到以下事项",
            "optionA": "管端应烧圆滑",
            "optionB": "用水或甘油浸湿橡皮管（塞）内部",
            "optionC": "用布裹手或带厚手套，以防割伤手",
            "optionD": "尽量不要使用薄壁玻管",
            "optionE": "",
            "optionF": "",
            "AnSwer": "A|B|C|D",
            "ReMark": ""
        },
        {
            "ID": "941",
            "ISSC": "",
            "Caption": "塑料离心管可以盛放",
            "optionA": "有机溶剂",
            "optionB": "酶溶液",
            "optionC": "盐溶液",
            "optionD": "普通水溶液",
            "optionE": "",
            "optionF": "",
            "AnSwer": "C|D",
            "ReMark": ""
        },
        {
            "ID": "944",
            "ISSC": "",
            "Caption": "试剂（）应放在棕色瓶内保藏。",
            "optionA": "硫酸亚铁",
            "optionB": "高锰酸钾",
            "optionC": "亚硫酸钠",
            "optionD": "硫酸钠",
            "optionE": "",
            "optionF": "",
            "AnSwer": "A|B|C",
            "ReMark": ""
        },
        {
            "ID": "948",
            "ISSC": "",
            "Caption": "使用易燃易爆的化学药品应该注意以下哪几点？",
            "optionA": "避免明火加热。",
            "optionB": "加热时使用水浴或油浴。",
            "optionC": "在通风橱中进行操作。",
            "optionD": "不可猛烈撞击。",
            "optionE": "",
            "optionF": "",
            "AnSwer": "A|B|C|D",
            "ReMark": ""
        },
        {
            "ID": "958",
            "ISSC": "",
            "Caption": "使用碱金属引起燃烧应",
            "optionA": "马上使用灭火器灭火",
            "optionB": "马上向燃烧处盖砂子或浇水",
            "optionC": "尽快移去临近其它溶剂，关闭热源和电源，再用灭火器灭火",
            "optionD": "如远离水源，可马上用石棉布盖住燃烧处",
            "optionE": "",
            "optionF": "",
            "AnSwer": "C|D",
            "ReMark": ""
        },
        {
            "ID": "979",
            "ISSC": "",
            "Caption": "实验室内操作大量乙炔气时，应注意的问题有",
            "optionA": "室内不可有明火",
            "optionB": "室内不可有产生电火花的电器",
            "optionC": "房间应密闭",
            "optionD": "室内应有高湿度",
            "optionE": "",
            "optionF": "",
            "AnSwer": "A|B",
            "ReMark": ""
        },
        {
            "ID": "983",
            "ISSC": "",
            "Caption": "实验室的微波炉使用时应注意哪些内容？",
            "optionA": "微波炉开启后，会产生很强的电磁辐射，操作人员应远离。",
            "optionB": "严禁将易燃易爆等危险化学品放入微波炉中加热。",
            "optionC": "实验用微波炉严禁加热食品。",
            "optionD": "对密闭压力容器使用微波炉加热时应注意严格按照安全规范操作。",
            "optionE": "",
            "optionF": "",
            "AnSwer": "A|B|C|D",
            "ReMark": ""
        },
        {
            "ID": "986",
            "ISSC": "",
            "Caption": "实验室常用的加热热源包括",
            "optionA": "明火",
            "optionB": "水浴、蒸汽浴",
            "optionC": "油浴、沙浴、盐浴",
            "optionD": "电热板、电热罩",
            "optionE": "",
            "optionF": "",
            "AnSwer": "A|B|C|D",
            "ReMark": ""
        },
        {
            "ID": "989",
            "ISSC": "",
            "Caption": "实验人员都要注意防止被实验设备产生的X射线照射，下列能够产生X射线的仪器是？",
            "optionA": "X射线衍射仪。",
            "optionB": "721分光光度计。",
            "optionC": "X射线荧光分析仪。",
            "optionD": "气相色谱。",
            "optionE": "",
            "optionF": "",
            "AnSwer": "A|C",
            "ReMark": ""
        },
        {
            "ID": "990",
            "ISSC": "",
            "Caption": "实验开始前应该做好哪些准备？",
            "optionA": "必须认真预习，理清实验思路。",
            "optionB": "应仔细检查仪器是否有破损，掌握正确安装使用仪器的要点。",
            "optionC": "弄清水、电、气的管线开关和标记，保持清醒头脑，避免违规操作。",
            "optionD": "弄清水、电、气的管线开关和标记，保持清醒头脑，避免违规操作。",
            "optionE": "",
            "optionF": "",
            "AnSwer": "A|B|C|D",
            "ReMark": ""
        },
        {
            "ID": "991",
            "ISSC": "",
            "Caption": "实验过程中发生烧烫(灼)伤，正确的处理方法是",
            "optionA": "浅表的小面积灼伤，以冷水冲洗15至30分钟至散热止痛",
            "optionB": "以生理食盐水擦拭（勿以药膏、牙膏、酱油涂抹或以纱布盖住）",
            "optionC": "若有水泡可自行刺破",
            "optionD": "大面积的灼伤，应紧急送至医院",
            "optionE": "",
            "optionF": "",
            "AnSwer": "A|B|D",
            "ReMark": ""
        },
        {
            "ID": "994",
            "ISSC": "",
            "Caption": "涉及有毒试剂的操作时，应采取的保护措施包括",
            "optionA": "佩戴适当的个人防护器具",
            "optionB": "在通风橱中操作",
            "optionC": "在通风橱中操作",
            "optionD": "了解试剂毒性",
            "optionE": "",
            "optionF": "",
            "AnSwer": "A|B|C|D",
            "ReMark": ""
        },
        {
            "ID": "1003",
            "ISSC": "",
            "Caption": "取用化学药品时，以下哪些事项操作是正确的？",
            "optionA": "取用腐蚀和刺激性药品时，尽可能带上橡皮手套和防护眼镜。",
            "optionB": "倾倒时，切勿直对容器口俯视；吸取时，应该使用橡皮球。",
            "optionC": "开启有毒气体容器时应带防毒用具。",
            "optionD": "可以裸手直接拿取药品",
            "optionE": "",
            "optionF": "",
            "AnSwer": "A|B|C",
            "ReMark": ""
        },
        {
            "ID": "1006",
            "ISSC": "",
            "Caption": "气体（）须在通风橱内进行操作。",
            "optionA": "硫化氢",
            "optionB": "氯化氢",
            "optionC": "氟化氢",
            "optionD": "溴",
            "optionE": "",
            "optionF": "",
            "AnSwer": "A|B|C|D",
            "ReMark": ""
        },
        {
            "ID": "1028",
            "ISSC": "",
            "Caption": "金属离心管可以盛放",
            "optionA": "有机溶剂",
            "optionB": "酶溶液",
            "optionC": "盐溶液",
            "optionD": "普通水溶液",
            "optionE": "",
            "optionF": "",
            "AnSwer": "A|B|D",
            "ReMark": ""
        },
        {
            "ID": "1038",
            "ISSC": "",
            "Caption": "混和或相互接触时发生反应、产生大量热量而着火、爆炸的有",
            "optionA": "（亚、次）氯酸盐和酸",
            "optionB": "CrO3和可燃物",
            "optionC": "KMnO4和可燃物",
            "optionD": "KMnO4和浓硫酸",
            "optionE": "CCl4和碱金属",
            "optionF": "",
            "AnSwer": "A|B|C|D",
            "ReMark": ""
        },
        {
            "ID": "1039",
            "ISSC": "",
            "Caption": "黄磷自燃应如何扑救",
            "optionA": "用高压水枪",
            "optionB": "用高压灭火器",
            "optionC": "用雾状水灭火",
            "optionD": "用泥土覆盖",
            "optionE": "",
            "optionF": "",
            "AnSwer": "C|D",
            "ReMark": ""
        },
        {
            "ID": "1043",
            "ISSC": "",
            "Caption": "恒温箱用于",
            "optionA": "干燥",
            "optionB": "微生物培养",
            "optionC": "干热灭菌",
            "optionD": "生物材料培养",
            "optionE": "",
            "optionF": "",
            "AnSwer": "B|D",
            "ReMark": ""
        },
        {
            "ID": "1048",
            "ISSC": "",
            "Caption": "过氧化酸、硝酸铵、硝酸钾、高氯酸及其盐、重铬酸及其盐、高锰酸及其盐、过氧化苯甲酸、五氧化二磷等强氧化剂，在适当条件下可放出氧发生爆炸，在使用这类强氧化性化学试剂时，应注意",
            "optionA": "环境温度不要高于30℃",
            "optionB": "通风要良好",
            "optionC": "不要加热",
            "optionD": "不要与有机物或还原性物质共同使用",
            "optionE": "在手套箱内操作",
            "optionF": "",
            "AnSwer": "A|B|C|D",
            "ReMark": ""
        },
        {
            "ID": "1056",
            "ISSC": "",
            "Caption": "高温实验装置使用时应注意",
            "optionA": "注意防护高温对人体的辐射",
            "optionB": "熟悉高温装置的使用方法，并细心地进行操作",
            "optionC": "不得已非将高温炉之类高温装置，置于耐热性差的实验台上进行实验时，装置与台面之间要保留一厘米以上的间隙，并加垫隔热层，以防台面着火",
            "optionD": "使用高温装置的实验，要求在防火建筑内或配备有防火设施的室内进行，并保持室内通风良好",
            "optionE": "",
            "optionF": "",
            "AnSwer": "A|B|C|D",
            "ReMark": ""
        },
        {
            "ID": "1057",
            "ISSC": "",
            "Caption": "高速离心机使用注意事项是",
            "optionA": "各转头不能超过其额定转速使用",
            "optionB": "离心管在外单独平衡后，直接两两对称地插入转头中，并拧紧转头盖后再开始离心",
            "optionC": "操作生物材料样品时，转头的装载、平衡、密封和打开必须在生物安全柜内进行",
            "optionD": "离心完毕后，转头必须作消毒灭菌处理，清洗干净后待用",
            "optionE": "",
            "optionF": "",
            "AnSwer": "A|B|C|D",
            "ReMark": ""
        },
        {
            "ID": "1059",
            "ISSC": "",
            "Caption": "干燥箱可以用于",
            "optionA": "物品的干燥",
            "optionB": "微生物培养",
            "optionC": "干热灭菌",
            "optionD": "生物材料培养",
            "optionE": "",
            "optionF": "",
            "AnSwer": "A|C",
            "ReMark": ""
        },
        {
            "ID": "1063",
            "ISSC": "",
            "Caption": "分光光度计使用注意事项是",
            "optionA": "使用光电池作为检测器的仪器连续使用不应超过2h，每次使用后需要间歇30min以上",
            "optionB": "每台仪器所配备的比色皿其透射比是经过配对的，必须配套使用。不能与其他仪器上的比色皿单个调换，否则影响样品测试精度",
            "optionC": "测定过程中，不得用手触摸比色皿透光面。其透光面的清洁不可用滤纸、纱布或毛刷擦拭，只能用镜头纸擦拭",
            "optionD": "分光光度计的吸光值在0.2－0.7（透光率在20%－60%）准确度最高，低于0.1或超1.0时误差较大。如未知样品的读数不在此范围时，应将样品做适当稀释",
            "optionE": "",
            "optionF": "",
            "AnSwer": "A|B|C|D",
            "ReMark": ""
        },
        {
            "ID": "1105",
            "ISSC": "",
            "Caption": "处理使用后的废液时下列哪些陈述是正确的？",
            "optionA": "用剩的液体倒回原瓶中以免浪费。",
            "optionB": "废液收集起来放在指定位置，统一进行处理。",
            "optionC": "禁止将水以外的任何物质倒入下水道，以免造成环境污染和处理人员危险。",
            "optionD": "因为氢氟酸为弱酸，因此可以将其废液倒入到浓硫酸的收集桶里，但是禁止倒入氢氧化钠桶里。",
            "optionE": "",
            "optionF": "",
            "AnSwer": "B|C",
            "ReMark": ""
        },
        {
            "ID": "1111",
            "ISSC": "",
            "Caption": "超级恒温水浴使用注意事项是",
            "optionA": "超级恒温水浴内加热用水一定要使用去离子水（或蒸馏水），切勿使用硬水",
            "optionB": "恒温水浴内去离子水未加到“正常水位”严禁通电，防止干烧",
            "optionC": "可以使用自来水",
            "optionD": "无人看管时也可以运转",
            "optionE": "",
            "optionF": "",
            "AnSwer": "A|B",
            "ReMark": ""
        },
        {
            "ID": "1112",
            "ISSC": "",
            "Caption": "超级恒温水浴内的加热用水一定要使用",
            "optionA": "去离子水",
            "optionB": "蒸馏水",
            "optionC": "自来水",
            "optionD": "",
            "optionE": "",
            "optionF": "",
            "AnSwer": "A|B",
            "ReMark": ""
        },
        {
            "ID": "1113",
            "ISSC": "",
            "Caption": "常用的以下物质中，（ ）在操作时应该在通风橱中。",
            "optionA": "氢气",
            "optionB": "氨水",
            "optionC": "氦气",
            "optionD": "盐酸",
            "optionE": "",
            "optionF": "",
            "AnSwer": "B|D",
            "ReMark": ""
        },
        {
            "ID": "1123",
            "ISSC": "",
            "Caption": "玻璃离心管可以盛放",
            "optionA": "有机溶剂",
            "optionB": "酶溶液",
            "optionC": "盐溶液",
            "optionD": "普通水溶液",
            "optionE": "",
            "optionF": "",
            "AnSwer": "A|B|C|D",
            "ReMark": ""
        }
    ],
    "YorNCount": 69,
    "C": [
        {
            "ID": "1157",
            "ISSC": "",
            "Caption": "装有易燃液体的器皿不能置于日光下",
            "optionA": "",
            "optionB": "",
            "optionC": "",
            "optionD": "",
            "optionE": "",
            "optionF": "",
            "AnSwer": "Y",
            "ReMark": ""
        },
        {
            "ID": "1177",
            "ISSC": "",
            "Caption": "蒸馏时加入沸石可防止爆沸，所以加入量越多，效果越好",
            "optionA": "",
            "optionB": "",
            "optionC": "",
            "optionD": "",
            "optionE": "",
            "optionF": "",
            "AnSwer": "N",
            "ReMark": ""
        },
        {
            "ID": "1255",
            "ISSC": "",
            "Caption": "在实验室进行有机合成时，加热或放热反应不能在密闭的容器中进行",
            "optionA": "",
            "optionB": "",
            "optionC": "",
            "optionD": "",
            "optionE": "",
            "optionF": "",
            "AnSwer": "Y",
            "ReMark": ""
        },
        {
            "ID": "1330",
            "ISSC": "",
            "Caption": "遇水能分解或燃烧、爆炸的药品，如钾、钠、三氯化磷、五氯化磷、浓硫酸等，使用时不准与水接触，不准放置于潮湿的地方储存",
            "optionA": "",
            "optionB": "",
            "optionC": "",
            "optionD": "",
            "optionE": "",
            "optionF": "",
            "AnSwer": "Y",
            "ReMark": ""
        },
        {
            "ID": "1337",
            "ISSC": "",
            "Caption": "与水接触即可发生爆炸的物质，应该存放在低处",
            "optionA": "",
            "optionB": "",
            "optionC": "",
            "optionD": "",
            "optionE": "",
            "optionF": "",
            "AnSwer": "N",
            "ReMark": ""
        },
        {
            "ID": "1356",
            "ISSC": "",
            "Caption": "由于误食，或是手上沾染了有毒物质，在吸烟、进食、饮水时嚥入，就会引起消化系统中毒。这类物质一般是剧毒的粉剂，如：氰化物、砷化物、汞盐等",
            "optionA": "",
            "optionB": "",
            "optionC": "",
            "optionD": "",
            "optionE": "",
            "optionF": "",
            "AnSwer": "Y",
            "ReMark": ""
        },
        {
            "ID": "1367",
            "ISSC": "",
            "Caption": "用灭火器灭火时，灭火器的喷射口应该对准火焰的中部",
            "optionA": "",
            "optionB": "",
            "optionC": "",
            "optionD": "",
            "optionE": "",
            "optionF": "",
            "AnSwer": "N",
            "ReMark": ""
        },
        {
            "ID": "1398",
            "ISSC": "",
            "Caption": "易燃、易爆气体和助燃气体（氧气等）可以混放在一起，并靠近热源和火源",
            "optionA": "",
            "optionB": "",
            "optionC": "",
            "optionD": "",
            "optionE": "",
            "optionF": "",
            "AnSwer": "N",
            "ReMark": ""
        },
        {
            "ID": "1404",
            "ISSC": "",
            "Caption": "乙炔衍生物、乙炔金属盐、1，2－环氧乙烷、偶氮氧化物等都属于易燃和易爆的化学试剂，处理时应该特别小心",
            "optionA": "",
            "optionB": "",
            "optionC": "",
            "optionD": "",
            "optionE": "",
            "optionF": "",
            "AnSwer": "Y",
            "ReMark": ""
        },
        {
            "ID": "1435",
            "ISSC": "",
            "Caption": "一般将闪点在25&amp;#176；C以下的化学试剂列入易燃化学试剂，它们多是极易挥发的液体",
            "optionA": "",
            "optionB": "",
            "optionC": "",
            "optionD": "",
            "optionE": "",
            "optionF": "",
            "AnSwer": "Y",
            "ReMark": ""
        },
        {
            "ID": "1440",
            "ISSC": "",
            "Caption": "液体试剂可用洗干净的量筒倒取，不可用吸管伸入原瓶试剂中吸取液体",
            "optionA": "",
            "optionB": "",
            "optionC": "",
            "optionD": "",
            "optionE": "",
            "optionF": "",
            "AnSwer": "Y",
            "ReMark": ""
        },
        {
            "ID": "1481",
            "ISSC": "",
            "Caption": "需要加热的实验装置要选用安全的加热恒温措施，禁止使用电热毯、加热带等不安全的设备。",
            "optionA": "",
            "optionB": "",
            "optionC": "",
            "optionD": "",
            "optionE": "",
            "optionF": "",
            "AnSwer": "Y",
            "ReMark": ""
        },
        {
            "ID": "1511",
            "ISSC": "",
            "Caption": "相互反应产生有毒气体的废液，不得倒入同一收集桶中。若某种废液倒入收集桶会发生危险，则应单独暂存于一容器中，并贴上标签",
            "optionA": "",
            "optionB": "",
            "optionC": "",
            "optionD": "",
            "optionE": "",
            "optionF": "",
            "AnSwer": "Y",
            "ReMark": ""
        },
        {
            "ID": "1522",
            "ISSC": "",
            "Caption": "吸滤瓶及一些厚壁玻璃容器，清洗后可直接放入温度较高的烘箱进行干燥",
            "optionA": "",
            "optionB": "",
            "optionC": "",
            "optionD": "",
            "optionE": "",
            "optionF": "",
            "AnSwer": "N",
            "ReMark": ""
        },
        {
            "ID": "1524",
            "ISSC": "",
            "Caption": "吸滤瓶及一些厚壁玻璃容器，清洗后不可直接放入温度较高的烘箱，否则往往因急剧加热而破裂",
            "optionA": "",
            "optionB": "",
            "optionC": "",
            "optionD": "",
            "optionE": "",
            "optionF": "",
            "AnSwer": "Y",
            "ReMark": ""
        },
        {
            "ID": "1573",
            "ISSC": "",
            "Caption": "危险化学品，包括爆炸品、压缩气体和液化气体、易燃液体、易燃固体、自燃物品和遇湿易燃物品、氧化剂和有机过氧化物、有毒品和腐蚀品等",
            "optionA": "",
            "optionB": "",
            "optionC": "",
            "optionD": "",
            "optionE": "",
            "optionF": "",
            "AnSwer": "Y",
            "ReMark": ""
        },
        {
            "ID": "1576",
            "ISSC": "",
            "Caption": "实验室危险废弃物，是指实验室在教学、科研等过程中产生的危害人体健康、污染环境或存在安全隐患的废弃物及其污染物，以及其他列入《国家危险废物名录》或根据国家规定的危险废物鉴别标准和鉴别方法认定的具有危险废物特性的废物。＜br ／＞＜!－－EndFragment－－＞",
            "optionA": "",
            "optionB": "",
            "optionC": "",
            "optionD": "",
            "optionE": "",
            "optionF": "",
            "AnSwer": "Y",
            "ReMark": ""
        },
        {
            "ID": "1607",
            "ISSC": "",
            "Caption": "酸、碱、盐水溶液使用后，均可不经处理直接排入下水道。",
            "optionA": "",
            "optionB": "",
            "optionC": "",
            "optionD": "",
            "optionE": "",
            "optionF": "",
            "AnSwer": "N",
            "ReMark": ""
        },
        {
            "ID": "1624",
            "ISSC": "",
            "Caption": "水处理实验常用到大功率空压机，在工作时会产生较大的噪音，长期安装在离工作人员较近的地方，会造成听觉敏感性下降，甚至永久性耳聋",
            "optionA": "",
            "optionB": "",
            "optionC": "",
            "optionD": "",
            "optionE": "",
            "optionF": "",
            "AnSwer": "Y",
            "ReMark": ""
        },
        {
            "ID": "1666",
            "ISSC": "",
            "Caption": "使用强氧化剂时环境温度不宜过高，通风良好，并不要与有机物或还原性物质共同使用",
            "optionA": "",
            "optionB": "",
            "optionC": "",
            "optionD": "",
            "optionE": "",
            "optionF": "",
            "AnSwer": "Y",
            "ReMark": ""
        },
        {
            "ID": "1699",
            "ISSC": "",
            "Caption": "实验中产生的废液、废物应集中处理，不得任意排放；酸、碱或有毒物品溅落时，应及时清理及除毒。",
            "optionA": "",
            "optionB": "",
            "optionC": "",
            "optionD": "",
            "optionE": "",
            "optionF": "",
            "AnSwer": "Y",
            "ReMark": ""
        },
        {
            "ID": "1749",
            "ISSC": "",
            "Caption": "实验室内的浓酸、浓碱如果不经处理，沿下水道流走，对管道会产生很强的腐蚀，又造成环境的污染",
            "optionA": "",
            "optionB": "",
            "optionC": "",
            "optionD": "",
            "optionE": "",
            "optionF": "",
            "AnSwer": "Y",
            "ReMark": ""
        },
        {
            "ID": "1832",
            "ISSC": "",
            "Caption": "实验过程中应仔细观察实验现象并及时做好实验记录，原始记录要完整、真实、准确、清楚",
            "optionA": "",
            "optionB": "",
            "optionC": "",
            "optionD": "",
            "optionE": "",
            "optionF": "",
            "AnSwer": "Y",
            "ReMark": ""
        },
        {
            "ID": "1914",
            "ISSC": "",
            "Caption": "烧杯、烧瓶及试管之类仪器，因其壁薄，机械强度很低，用于加热时，必须小心操作",
            "optionA": "",
            "optionB": "",
            "optionC": "",
            "optionD": "",
            "optionE": "",
            "optionF": "",
            "AnSwer": "Y",
            "ReMark": ""
        },
        {
            "ID": "1915",
            "ISSC": "",
            "Caption": "烧杯、烧瓶及试管等加热时比较安全",
            "optionA": "",
            "optionB": "",
            "optionC": "",
            "optionD": "",
            "optionE": "",
            "optionF": "",
            "AnSwer": "N",
            "ReMark": ""
        },
        {
            "ID": "1965",
            "ISSC": "",
            "Caption": "倾倒液体药品时，应沿玻璃棒徐徐倒出",
            "optionA": "",
            "optionB": "",
            "optionC": "",
            "optionD": "",
            "optionE": "",
            "optionF": "",
            "AnSwer": "Y",
            "ReMark": ""
        },
        {
            "ID": "1966",
            "ISSC": "",
            "Caption": "倾倒液体药品时，应将标签朝下，以便看清倒出情形",
            "optionA": "",
            "optionB": "",
            "optionC": "",
            "optionD": "",
            "optionE": "",
            "optionF": "",
            "AnSwer": "N",
            "ReMark": ""
        },
        {
            "ID": "2005",
            "ISSC": "",
            "Caption": "配制硫酸水溶液时，应将浓硫酸徐徐倒入水中，并不断搅拌",
            "optionA": "",
            "optionB": "",
            "optionC": "",
            "optionD": "",
            "optionE": "",
            "optionF": "",
            "AnSwer": "Y",
            "ReMark": ""
        },
        {
            "ID": "2008",
            "ISSC": "",
            "Caption": "某些化学物质或其蒸气、烟雾、粉尘可通过皮肤或粘膜吸收而致人中毒",
            "optionA": "",
            "optionB": "",
            "optionC": "",
            "optionD": "",
            "optionE": "",
            "optionF": "",
            "AnSwer": "Y",
            "ReMark": ""
        },
        {
            "ID": "2011",
            "ISSC": "",
            "Caption": "磨砂接口玻璃器具已标准化且制作良好，一般不需涂抹凡士林等油脂",
            "optionA": "",
            "optionB": "",
            "optionC": "",
            "optionD": "",
            "optionE": "",
            "optionF": "",
            "AnSwer": "Y",
            "ReMark": ""
        },
        {
            "ID": "2040",
            "ISSC": "",
            "Caption": "磷化物（Ca3P2、Zn3P2等）遇水生成H3P，其在空气中能自燃，无毒",
            "optionA": "",
            "optionB": "",
            "optionC": "",
            "optionD": "",
            "optionE": "",
            "optionF": "",
            "AnSwer": "N",
            "ReMark": ""
        },
        {
            "ID": "2042",
            "ISSC": "",
            "Caption": "了解中毒后的急救措施",
            "optionA": "",
            "optionB": "",
            "optionC": "",
            "optionD": "",
            "optionE": "",
            "optionF": "",
            "AnSwer": "Y",
            "ReMark": ""
        },
        {
            "ID": "2052",
            "ISSC": "",
            "Caption": "离心机离心完毕后，调节速度旋钮直至到零，然后关闭开关",
            "optionA": "",
            "optionB": "",
            "optionC": "",
            "optionD": "",
            "optionE": "",
            "optionF": "",
            "AnSwer": "Y",
            "ReMark": ""
        },
        {
            "ID": "2073",
            "ISSC": "",
            "Caption": "可以在木质或塑料等不耐热实验台上使用加热电炉。",
            "optionA": "",
            "optionB": "",
            "optionC": "",
            "optionD": "",
            "optionE": "",
            "optionF": "",
            "AnSwer": "N",
            "ReMark": ""
        },
        {
            "ID": "2080",
            "ISSC": "",
            "Caption": "可以用嘴、鼻和手直接接触试剂",
            "optionA": "",
            "optionB": "",
            "optionC": "",
            "optionD": "",
            "optionE": "",
            "optionF": "",
            "AnSwer": "N",
            "ReMark": ""
        },
        {
            "ID": "2115",
            "ISSC": "",
            "Caption": "开启氨水、HCl瓶应该在通风櫉中进行。",
            "optionA": "",
            "optionB": "",
            "optionC": "",
            "optionD": "",
            "optionE": "",
            "optionF": "",
            "AnSwer": "Y",
            "ReMark": ""
        },
        {
            "ID": "2127",
            "ISSC": "",
            "Caption": "久藏的乙醚因可能存在过氧化物，为了防止爆炸，在蒸发时必须有人值守，不能完全蒸干",
            "optionA": "",
            "optionB": "",
            "optionC": "",
            "optionD": "",
            "optionE": "",
            "optionF": "",
            "AnSwer": "Y",
            "ReMark": ""
        },
        {
            "ID": "2129",
            "ISSC": "",
            "Caption": "久藏的乙醚使用前应该除去其中可能存在的过氧化物",
            "optionA": "",
            "optionB": "",
            "optionC": "",
            "optionD": "",
            "optionE": "",
            "optionF": "",
            "AnSwer": "Y",
            "ReMark": ""
        },
        {
            "ID": "2137",
            "ISSC": "",
            "Caption": "经口的Hg、As、Pb等急性中毒会引起牙龈出血、牙齿松动、恶心、呕吐、腹痛、腹泻等症状",
            "optionA": "",
            "optionB": "",
            "optionC": "",
            "optionD": "",
            "optionE": "",
            "optionF": "",
            "AnSwer": "Y",
            "ReMark": ""
        },
        {
            "ID": "2147",
            "ISSC": "",
            "Caption": "进行化学类实验，应戴防护镜",
            "optionA": "",
            "optionB": "",
            "optionC": "",
            "optionD": "",
            "optionE": "",
            "optionF": "",
            "AnSwer": "Y",
            "ReMark": ""
        },
        {
            "ID": "2160",
            "ISSC": "",
            "Caption": "金属钠、钾可以存放在水中，以避免与空气接触",
            "optionA": "",
            "optionB": "",
            "optionC": "",
            "optionD": "",
            "optionE": "",
            "optionF": "",
            "AnSwer": "N",
            "ReMark": ""
        },
        {
            "ID": "2195",
            "ISSC": "",
            "Caption": "碱灼伤后应立即用大量水洗，再以1%－2%硼酸液洗，最后用水洗。",
            "optionA": "",
            "optionB": "",
            "optionC": "",
            "optionD": "",
            "optionE": "",
            "optionF": "",
            "AnSwer": "Y",
            "ReMark": ""
        },
        {
            "ID": "2212",
            "ISSC": "",
            "Caption": "急性中毒发生时，救护人员在抢救前要做好自身呼吸系统和皮肤的防护，以免自身中毒、使事故扩大",
            "optionA": "",
            "optionB": "",
            "optionC": "",
            "optionD": "",
            "optionE": "",
            "optionF": "",
            "AnSwer": "Y",
            "ReMark": ""
        },
        {
            "ID": "2255",
            "ISSC": "",
            "Caption": "化学危险物品应当分类、分项存放，相互之间保持安全距离",
            "optionA": "",
            "optionB": "",
            "optionC": "",
            "optionD": "",
            "optionE": "",
            "optionF": "",
            "AnSwer": "Y",
            "ReMark": ""
        },
        {
            "ID": "2294",
            "ISSC": "",
            "Caption": "过期的、不知名的固体化学药品可自行处理",
            "optionA": "",
            "optionB": "",
            "optionC": "",
            "optionD": "",
            "optionE": "",
            "optionF": "",
            "AnSwer": "N",
            "ReMark": ""
        },
        {
            "ID": "2316",
            "ISSC": "",
            "Caption": "铬化合物中Cr＋6毒性最大，有强刺激性，引起蛋白变性，干扰酶系统",
            "optionA": "",
            "optionB": "",
            "optionC": "",
            "optionD": "",
            "optionE": "",
            "optionF": "",
            "AnSwer": "Y",
            "ReMark": ""
        },
        {
            "ID": "2326",
            "ISSC": "",
            "Caption": "各单位不得私自购买、运输剧毒物品",
            "optionA": "",
            "optionB": "",
            "optionC": "",
            "optionD": "",
            "optionE": "",
            "optionF": "",
            "AnSwer": "Y",
            "ReMark": ""
        },
        {
            "ID": "2359",
            "ISSC": "",
            "Caption": "高速离心机的转头不能超过其额定转速使用",
            "optionA": "",
            "optionB": "",
            "optionC": "",
            "optionD": "",
            "optionE": "",
            "optionF": "",
            "AnSwer": "Y",
            "ReMark": ""
        },
        {
            "ID": "2377",
            "ISSC": "",
            "Caption": "分光光度计的一对比色皿坏了一只，可以借用其他仪器上的一只比色皿代替",
            "optionA": "",
            "optionB": "",
            "optionC": "",
            "optionD": "",
            "optionE": "",
            "optionF": "",
            "AnSwer": "N",
            "ReMark": ""
        },
        {
            "ID": "2390",
            "ISSC": "",
            "Caption": "放射性废物，经过屏蔽处理后也不可以当作一般垃圾处理。",
            "optionA": "",
            "optionB": "",
            "optionC": "",
            "optionD": "",
            "optionE": "",
            "optionF": "",
            "AnSwer": "Y",
            "ReMark": ""
        },
        {
            "ID": "2397",
            "ISSC": "",
            "Caption": "凡涉及有害或有刺激性气体的实验应在通风柜内进行",
            "optionA": "",
            "optionB": "",
            "optionC": "",
            "optionD": "",
            "optionE": "",
            "optionF": "",
            "AnSwer": "Y",
            "ReMark": ""
        },
        {
            "ID": "2415",
            "ISSC": "",
            "Caption": "发生危险化学品事故后，应该向上风方向疏散。",
            "optionA": "",
            "optionB": "",
            "optionC": "",
            "optionD": "",
            "optionE": "",
            "optionF": "",
            "AnSwer": "Y",
            "ReMark": ""
        },
        {
            "ID": "2437",
            "ISSC": "",
            "Caption": "对于实验室内溅落的汞物体，应尽量捡拾起来放好，然后洒上硫磺、多硫化钙等使汞生成不挥发的难溶盐",
            "optionA": "",
            "optionB": "",
            "optionC": "",
            "optionD": "",
            "optionE": "",
            "optionF": "",
            "AnSwer": "Y",
            "ReMark": ""
        },
        {
            "ID": "2450",
            "ISSC": "",
            "Caption": "对危险废物的容器和包装物以及收集、贮存、运输、处置危险废物的设施、场所，必须设置危险废物识别标志",
            "optionA": "",
            "optionB": "",
            "optionC": "",
            "optionD": "",
            "optionE": "",
            "optionF": "",
            "AnSwer": "Y",
            "ReMark": ""
        },
        {
            "ID": "2462",
            "ISSC": "",
            "Caption": "对产生有毒气体的实验应在通风橱内进行。通过排风设备将毒气排到室外，以免污染室内空气",
            "optionA": "",
            "optionB": "",
            "optionC": "",
            "optionD": "",
            "optionE": "",
            "optionF": "",
            "AnSwer": "N",
            "ReMark": ""
        },
        {
            "ID": "2568",
            "ISSC": "",
            "Caption": "当水银仪器破损时，应尽量将洒落的水银收集起来，并在残迹处洒上硫磺粉。",
            "optionA": "",
            "optionB": "",
            "optionC": "",
            "optionD": "",
            "optionE": "",
            "optionF": "",
            "AnSwer": "Y",
            "ReMark": ""
        },
        {
            "ID": "2577",
            "ISSC": "",
            "Caption": "当皮肤沾上浓硫酸时，应立即用水冲洗，再用3%－5%的碳酸氢钠溶液洗，最后用水洗",
            "optionA": "",
            "optionB": "",
            "optionC": "",
            "optionD": "",
            "optionE": "",
            "optionF": "",
            "AnSwer": "N",
            "ReMark": ""
        },
        {
            "ID": "2602",
            "ISSC": "",
            "Caption": "大气中的臭氧可保护动、植物免受紫外线的伤害",
            "optionA": "",
            "optionB": "",
            "optionC": "",
            "optionD": "",
            "optionE": "",
            "optionF": "",
            "AnSwer": "Y",
            "ReMark": ""
        },
        {
            "ID": "2637",
            "ISSC": "",
            "Caption": "处理有毒的气体、产生蒸气的药品及有毒的有机溶剂，必须在通风厨内进行",
            "optionA": "",
            "optionB": "",
            "optionC": "",
            "optionD": "",
            "optionE": "",
            "optionF": "",
            "AnSwer": "Y",
            "ReMark": ""
        },
        {
            "ID": "2661",
            "ISSC": "",
            "Caption": "长时间使用酒精灯时，为避免酒精燃烧耗尽，可以将酒精加满来延长使用时间",
            "optionA": "",
            "optionB": "",
            "optionC": "",
            "optionD": "",
            "optionE": "",
            "optionF": "",
            "AnSwer": "N",
            "ReMark": ""
        },
        {
            "ID": "2707",
            "ISSC": "",
            "Caption": "不能在敞口容器中存放易燃易爆物质",
            "optionA": "",
            "optionB": "",
            "optionC": "",
            "optionD": "",
            "optionE": "",
            "optionF": "",
            "AnSwer": "Y",
            "ReMark": ""
        },
        {
            "ID": "2732",
            "ISSC": "",
            "Caption": "玻璃电极初次使用前，必须在蒸馏水中浸泡数日，平时也应浸泡在蒸馏水中备用",
            "optionA": "",
            "optionB": "",
            "optionC": "",
            "optionD": "",
            "optionE": "",
            "optionF": "",
            "AnSwer": "Y",
            "ReMark": ""
        },
        {
            "ID": "2733",
            "ISSC": "",
            "Caption": "玻璃电极不要与强吸水的溶剂接触太久。在强碱溶液中，应快速操作，用毕立即用水冲",
            "optionA": "",
            "optionB": "",
            "optionC": "",
            "optionD": "",
            "optionE": "",
            "optionF": "",
            "AnSwer": "Y",
            "ReMark": ""
        },
        {
            "ID": "2767",
            "ISSC": "",
            "Caption": "半数致死量(LD50)又称为半数致死浓度，是指药物能引起一群实验动物50%死亡所需的剂量或浓度，用于药物的毒性分级，单位为mg／kg",
            "optionA": "",
            "optionB": "",
            "optionC": "",
            "optionD": "",
            "optionE": "",
            "optionF": "",
            "AnSwer": "Y",
            "ReMark": ""
        },
        {
            "ID": "2775",
            "ISSC": "",
            "Caption": "安装在危险品仓库的灯具应该是防爆型的",
            "optionA": "",
            "optionB": "",
            "optionC": "",
            "optionD": "",
            "optionE": "",
            "optionF": "",
            "AnSwer": "Y",
            "ReMark": ""
        },
        {
            "ID": "2788",
            "ISSC": "",
            "Caption": "NO2比较稳定，不易溶于水，室温下无色",
            "optionA": "",
            "optionB": "",
            "optionC": "",
            "optionD": "",
            "optionE": "",
            "optionF": "",
            "AnSwer": "N",
            "ReMark": ""
        },
        {
            "ID": "2793",
            "ISSC": "",
            "Caption": "Hg中毒严重时会导致震颤、动作困难、肢体抖动",
            "optionA": "",
            "optionB": "",
            "optionC": "",
            "optionD": "",
            "optionE": "",
            "optionF": "",
            "AnSwer": "Y",
            "ReMark": ""
        },
        {
            "ID": "2796",
            "ISSC": "",
            "Caption": "Hg可以经过皮肤和消化道进入人体",
            "optionA": "",
            "optionB": "",
            "optionC": "",
            "optionD": "",
            "optionE": "",
            "optionF": "",
            "AnSwer": "N",
            "ReMark": ""
        },
        {
            "ID": "2798",
            "ISSC": "",
            "Caption": "HCN阻碍生物氧化过程，使细胞不能利用氧，造成内窒息",
            "optionA": "",
            "optionB": "",
            "optionC": "",
            "optionD": "",
            "optionE": "",
            "optionF": "",
            "AnSwer": "N",
            "ReMark": ""
        }
    ],
    "JianDaCount": 0,
    "E": []
}