{
    "OneName": "生物化学类",
    "RadioCount": 25,
    "A": [
        {
            "ID": "66",
            "ISSC": "",
            "Caption": "在火灾初发阶段，应采取哪种方法撤离？",
            "optionA": "乘坐电梯",
            "optionB": "用湿毛巾捂住口鼻低姿从安全通道撤离",
            "optionC": "跳楼逃生",
            "optionD": "跑到楼顶呼救",
            "optionE": "",
            "optionF": "",
            "AnSwer": "B",
            "ReMark": ""
        },
        {
            "ID": "93",
            "ISSC": "",
            "Caption": "有机物或能与水发生剧烈化学反应的药品着火，应用（），以免扑救不当造成更大损害。",
            "optionA": "其他有机物灭火",
            "optionB": "自来水灭火",
            "optionC": "灭火器或沙子扑灭",
            "optionD": "",
            "optionE": "",
            "optionF": "",
            "AnSwer": "C",
            "ReMark": ""
        },
        {
            "ID": "175",
            "ISSC": "",
            "Caption": "眼睛被化学品灼伤后，首先采取的正确方法是：",
            "optionA": "点眼药膏",
            "optionB": "立即开大眼睑，用清水冲洗眼睛",
            "optionC": "马上到医院看急诊",
            "optionD": "",
            "optionE": "",
            "optionF": "",
            "AnSwer": "B",
            "ReMark": ""
        },
        {
            "ID": "266",
            "ISSC": "",
            "Caption": "为避免误食有毒的化学药品，以下说法正确的是？",
            "optionA": "可把食物、食具带进化验室。",
            "optionB": "在实验室内可吃口香糖。",
            "optionC": "使用化学药品后须先洗净双手方能进食。",
            "optionD": "实验室内可以吸烟。",
            "optionE": "",
            "optionF": "",
            "AnSwer": "C",
            "ReMark": ""
        },
        {
            "ID": "271",
            "ISSC": "",
            "Caption": "危险化学品的毒害包括：",
            "optionA": "皮肤腐蚀性／刺激性，眼损伤／眼刺激",
            "optionB": "急性中毒致死，器官或呼吸系统损伤，生殖细胞突变性，致癌性",
            "optionC": "水环境危害性， 放射性危害",
            "optionD": "以上都是",
            "optionE": "",
            "optionF": "",
            "AnSwer": "D",
            "ReMark": ""
        },
        {
            "ID": "277",
            "ISSC": "",
            "Caption": "万一发生电气火灾，首先应该采取的第一条措施是：",
            "optionA": "打电话报警",
            "optionB": "切断电源",
            "optionC": "扑灭明火",
            "optionD": "求援",
            "optionE": "",
            "optionF": "",
            "AnSwer": "B",
            "ReMark": ""
        },
        {
            "ID": "326",
            "ISSC": "",
            "Caption": "使用干燥箱和恒温箱，应注意的事项有：",
            "optionA": "使用前检查电源，要有良好的接地线",
            "optionB": "箱内应保持清洁，放物网篮不得有锈，否则影响待干燥物品的洁净度",
            "optionC": "塑料、有机玻璃制品的加热温度不能超过60℃，玻璃制品的温度不能超过180℃，使用温度不能超过干燥箱的最高允许温度，用毕要及时切断电源",
            "optionD": "以上都对",
            "optionE": "",
            "optionF": "",
            "AnSwer": "D",
            "ReMark": ""
        },
        {
            "ID": "368",
            "ISSC": "",
            "Caption": "实验室各种管理规章制度应该：",
            "optionA": "上墙或便于取阅的地方",
            "optionB": "存放在档案柜中",
            "optionC": "由相关人员集中保管",
            "optionD": "保存在计算机内",
            "optionE": "",
            "optionF": "",
            "AnSwer": "A",
            "ReMark": ""
        },
        {
            "ID": "375",
            "ISSC": "",
            "Caption": "实验室电器设备所引起的火灾，应：",
            "optionA": "用水灭火",
            "optionB": "用二氧化碳或干粉灭火器灭火",
            "optionC": "用泡沫灭火器灭火",
            "optionD": "",
            "optionE": "",
            "optionF": "",
            "AnSwer": "B",
            "ReMark": ""
        },
        {
            "ID": "380",
            "ISSC": "",
            "Caption": "实验室冰箱和超低温冰箱使用注意事项错误的是：",
            "optionA": "定期除霜、清理，清理后要对内表面进行消毒",
            "optionB": "储存的所有容器，应当标明物品名称、储存日期和储存者姓名",
            "optionC": "除非有防爆措施，否则冰箱内不能放置易燃易爆化学品溶液，冰箱门上应注明这一点",
            "optionD": "可以在冰箱内冷冻食品和水",
            "optionE": "",
            "optionF": "",
            "AnSwer": "D",
            "ReMark": ""
        },
        {
            "ID": "389",
            "ISSC": "",
            "Caption": "实验人员都要注意防止被实验设备产生的X射线照射，下列能够产生X射线的仪器是：",
            "optionA": "X射线衍射仪",
            "optionB": "721分光光度计",
            "optionC": "液相色谱",
            "optionD": "气相色谱",
            "optionE": "",
            "optionF": "",
            "AnSwer": "A",
            "ReMark": ""
        },
        {
            "ID": "393",
            "ISSC": "",
            "Caption": "实验过程中发生烧烫(灼)伤，错误的处理方法是：",
            "optionA": "浅表的小面积灼伤，以冷水冲洗15至30分钟至散热止痛",
            "optionB": "浅表的小面积灼伤，以冷水冲洗15至30分钟至散热止痛",
            "optionC": "若有水泡可自行刺破",
            "optionD": "大面积的灼伤，应紧急送至医院",
            "optionE": "",
            "optionF": "",
            "AnSwer": "C",
            "ReMark": ""
        },
        {
            "ID": "448",
            "ISSC": "",
            "Caption": "若某种废液倒入回收桶会发生危险，则应：",
            "optionA": "直接向下水口倾倒",
            "optionB": "随垃圾一起丢弃",
            "optionC": "单独暂存于容器中，并贴上标签",
            "optionD": "",
            "optionE": "",
            "optionF": "",
            "AnSwer": "C",
            "ReMark": ""
        },
        {
            "ID": "456",
            "ISSC": "",
            "Caption": "如果工作场所潮湿，为避免触电，使用手持电动工具的人应：",
            "optionA": "站在铁板上操作",
            "optionB": "站在绝缘胶板上操作",
            "optionC": "穿防静电鞋操作",
            "optionD": "戴上安全帽",
            "optionE": "",
            "optionF": "",
            "AnSwer": "B",
            "ReMark": ""
        },
        {
            "ID": "508",
            "ISSC": "",
            "Caption": "能相互反应产生有毒气体的废液，应：",
            "optionA": "随垃圾丢弃",
            "optionB": "向下水口倾倒",
            "optionC": "不得倒入同一收集桶中",
            "optionD": "",
            "optionE": "",
            "optionF": "",
            "AnSwer": "C",
            "ReMark": ""
        },
        {
            "ID": "537",
            "ISSC": "",
            "Caption": "领取及存放化学药品时，以下说法错误的是：",
            "optionA": "确认容器上标示的中文名称是否为需要的实验用药品",
            "optionB": "学习并清楚化学药品危害标示和图样。",
            "optionC": "化学药品应分类存放。",
            "optionD": "有机溶剂，固体化学药品，酸、碱化合物可以存放于同一药品柜中",
            "optionE": "",
            "optionF": "",
            "AnSwer": "D",
            "ReMark": ""
        },
        {
            "ID": "561",
            "ISSC": "",
            "Caption": "进行危险物质、挥发性有机溶剂、特定化学物质或毒性化学物质等操作实验或研究，说法错误的是：",
            "optionA": "必须戴防护口罩",
            "optionB": "必须戴防护手套",
            "optionC": "必须戴防护眼镜",
            "optionD": "无所谓",
            "optionE": "",
            "optionF": "",
            "AnSwer": "D",
            "ReMark": ""
        },
        {
            "ID": "572",
            "ISSC": "",
            "Caption": "金属钾、钠、锂、钙、电石等固体化学试剂，遇水即可发生激烈反应，并放出大量热，也可产生爆炸，它们应如何存放：",
            "optionA": "直接放在试剂瓶中保存",
            "optionB": "浸没在煤油中保存（容器不得渗漏），附近不得有盐酸、硝酸等散发酸雾的物质存在",
            "optionC": "用纸密封包裹存放",
            "optionD": "放在铁盒子里",
            "optionE": "",
            "optionF": "",
            "AnSwer": "B",
            "ReMark": ""
        },
        {
            "ID": "601",
            "ISSC": "",
            "Caption": "化学危险药品对人身会有刺激眼睛、灼伤皮肤、损伤呼吸道、麻痹神经、燃烧爆炸等危险，一定要注意化学药品的使用安全，以下不正确的做法是：",
            "optionA": "了解所使用的危险化学药品的特性，不盲目操作，不违章使用",
            "optionB": "妥善保管身边的危险化学药品，做到：标签完整，密封保存；避热、避光、远离火种。",
            "optionC": "室内可存放大量危险化学药品",
            "optionD": "严防室内积聚高浓度易燃易爆气体",
            "optionE": "",
            "optionF": "",
            "AnSwer": "C",
            "ReMark": ""
        },
        {
            "ID": "603",
            "ISSC": "",
            "Caption": "化学强腐蚀烫、烧伤事故发生后，应（），保持创伤面洁净以待医务人员治疗，或用适合于消除这类化学药品的特种溶剂、溶液仔细洗涤烫、烧伤面。",
            "optionA": "迅速用大量清水冲洗干净皮肤",
            "optionB": "迅速解脱伤者被污染衣服，及时用大量清水冲洗干净皮肤",
            "optionC": "迅速解脱伤者被污染衣服",
            "optionD": "",
            "optionE": "",
            "optionF": "",
            "AnSwer": "B",
            "ReMark": ""
        },
        {
            "ID": "662",
            "ISSC": "",
            "Caption": "放射性实验需要采取的正确措施是：",
            "optionA": "佩戴个人辐射剂量计，可以知道当天接受的剂量和累积剂量，并将其控制在安全水平下",
            "optionB": "实验时必须带好专用的防护手套、口罩、穿工作服，实验完毕，立即洗手或洗澡。",
            "optionC": "实验时，力求迅速、熟练，尽量减少被辐射的时间，并应尽可能的利用夹具、机械手来操作，以便远离辐射源，同时应设置隔离屏蔽",
            "optionD": "以上都是",
            "optionE": "",
            "optionF": "",
            "AnSwer": "D",
            "ReMark": ""
        },
        {
            "ID": "685",
            "ISSC": "",
            "Caption": "对危险废物的容器和包装物以及收集、贮存、运输、处置危险废物的设施、场所，必须：",
            "optionA": "设置危险废物识别标志",
            "optionB": "设置识别标志",
            "optionC": "设置生活垃圾识别标志",
            "optionD": "不用设置任何标志",
            "optionE": "",
            "optionF": "",
            "AnSwer": "B",
            "ReMark": ""
        },
        {
            "ID": "688",
            "ISSC": "",
            "Caption": "对实验室安全检查的重点是：",
            "optionA": "可燃易燃性、可传染性、放射性物质、有毒物质的使用和存放",
            "optionB": "清除污染和废弃物处置情况",
            "optionC": "清除污染和废弃物处置情况",
            "optionD": "以上都是",
            "optionE": "",
            "optionF": "",
            "AnSwer": "D",
            "ReMark": ""
        },
        {
            "ID": "694",
            "ISSC": "",
            "Caption": "对常用的又是易制毒的试剂，应：",
            "optionA": "放在试剂架上",
            "optionB": "放在抽屉里，并由专人管理",
            "optionC": "锁在实验室的试剂柜中，并由专人管理",
            "optionD": "",
            "optionE": "",
            "optionF": "",
            "AnSwer": "C",
            "ReMark": ""
        },
        {
            "ID": "797",
            "ISSC": "",
            "Caption": "被火困在室内，如何逃生？（ ）",
            "optionA": "原地等待救援",
            "optionB": "到窗口或阳台挥动物品求救、用床单或绳子拴在室内牢固处下到下一层逃生。",
            "optionC": "躲到床下，等待救援。",
            "optionD": "打开门，冲出去。",
            "optionE": "",
            "optionF": "",
            "AnSwer": "B",
            "ReMark": ""
        }
    ],
    "CheckCount": 0,
    "B": [],
    "YorNCount": 15,
    "C": [
        {
            "ID": "1726",
            "ISSC": "",
            "Caption": "实验室内严禁吸烟、饮食，或把食具带进实验室。实验完毕，必须洗净双手。",
            "optionA": "",
            "optionB": "",
            "optionC": "",
            "optionD": "",
            "optionE": "",
            "optionF": "",
            "AnSwer": "Y",
            "ReMark": ""
        },
        {
            "ID": "1738",
            "ISSC": "",
            "Caption": "实验室内可以使用电炉、微波炉、电磁炉、电饭煲等取暖、做饭。",
            "optionA": "",
            "optionB": "",
            "optionC": "",
            "optionD": "",
            "optionE": "",
            "optionF": "",
            "AnSwer": "N",
            "ReMark": ""
        },
        {
            "ID": "1768",
            "ISSC": "",
            "Caption": "实验室进行蒸馏操作时，对于爆炸性物质或不稳定物质，须小心地蒸馏直到剩余少量残渣。",
            "optionA": "",
            "optionB": "",
            "optionC": "",
            "optionD": "",
            "optionE": "",
            "optionF": "",
            "AnSwer": "N",
            "ReMark": ""
        },
        {
            "ID": "1778",
            "ISSC": "",
            "Caption": "实验室地面出现溢水的主要原因之一是忘记关闭水龙头，尤其停水时忘关水龙头，因此离开实验室时要认真检查。",
            "optionA": "",
            "optionB": "",
            "optionC": "",
            "optionD": "",
            "optionE": "",
            "optionF": "",
            "AnSwer": "Y",
            "ReMark": ""
        },
        {
            "ID": "1801",
            "ISSC": "",
            "Caption": "实验室安全与卫生检查内容主要包括实验室布置、卫生、水电安全、冰箱与烘箱使用管理、危险品使用与保管、化学与生物废弃物（气、液、固态物）的处置、排污管理、气体钢瓶安全、放射性安全等。",
            "optionA": "",
            "optionB": "",
            "optionC": "",
            "optionD": "",
            "optionE": "",
            "optionF": "",
            "AnSwer": "Y",
            "ReMark": ""
        },
        {
            "ID": "1802",
            "ISSC": "",
            "Caption": "实验室安全与卫生工作应坚持“安全第一，预防为主”的原则。",
            "optionA": "",
            "optionB": "",
            "optionC": "",
            "optionD": "",
            "optionE": "",
            "optionF": "",
            "AnSwer": "Y",
            "ReMark": ""
        },
        {
            "ID": "2318",
            "ISSC": "",
            "Caption": "各种气瓶的存放，必须远离明火、避免阳光直晒，搬运时不得碰撞。",
            "optionA": "",
            "optionB": "",
            "optionC": "",
            "optionD": "",
            "optionE": "",
            "optionF": "",
            "AnSwer": "Y",
            "ReMark": ""
        },
        {
            "ID": "2340",
            "ISSC": "",
            "Caption": "高压钢瓶可以没有固定设施，可以使用过期、未经检验和不合格的气瓶。",
            "optionA": "",
            "optionB": "",
            "optionC": "",
            "optionD": "",
            "optionE": "",
            "optionF": "",
            "AnSwer": "N",
            "ReMark": ""
        },
        {
            "ID": "2348",
            "ISSC": "",
            "Caption": "高校实验室科研教学活动中产生和排放的废气、废液、固体废物、噪声、放射性等污染物，应按环境保护行政主管部门的要求进行申报登记、收集、运输和处置。严禁把废气、废液、废渣和废弃化学品等污染物直接向外界排放。",
            "optionA": "",
            "optionB": "",
            "optionC": "",
            "optionD": "",
            "optionE": "",
            "optionF": "",
            "AnSwer": "Y",
            "ReMark": ""
        },
        {
            "ID": "2353",
            "ISSC": "",
            "Caption": "高校实验室发生安全事故的主要原因有：操作不慎、设备老化、自然灾害、网络攻击和监管不力。",
            "optionA": "",
            "optionB": "",
            "optionC": "",
            "optionD": "",
            "optionE": "",
            "optionF": "",
            "AnSwer": "Y",
            "ReMark": ""
        },
        {
            "ID": "2408",
            "ISSC": "",
            "Caption": "发生意外后先对伤员进行必要的止血、包扎、固定等处理，然后尽可能用担架搬运，搬运时病人始终处脚朝前，头朝后，以便于随时观察伤者情况变化，及时实施急救处理。",
            "optionA": "",
            "optionB": "",
            "optionC": "",
            "optionD": "",
            "optionE": "",
            "optionF": "",
            "AnSwer": "Y",
            "ReMark": ""
        },
        {
            "ID": "2533",
            "ISSC": "",
            "Caption": "电加热设备必须有专人负责使用和监督，离开时要切断电源。",
            "optionA": "",
            "optionB": "",
            "optionC": "",
            "optionD": "",
            "optionE": "",
            "optionF": "",
            "AnSwer": "Y",
            "ReMark": ""
        },
        {
            "ID": "2642",
            "ISSC": "",
            "Caption": "初次进入实验室的操作人员应了解实验室具体的潜在危险，认真阅读、理解安全手册和操作手册。",
            "optionA": "",
            "optionB": "",
            "optionC": "",
            "optionD": "",
            "optionE": "",
            "optionF": "",
            "AnSwer": "Y",
            "ReMark": ""
        },
        {
            "ID": "2718",
            "ISSC": "",
            "Caption": "不得在冰箱、烘箱等加热、产热设备附近放置纸板、化学试剂、气体钢瓶等物品。",
            "optionA": "",
            "optionB": "",
            "optionC": "",
            "optionD": "",
            "optionE": "",
            "optionF": "",
            "AnSwer": "Y",
            "ReMark": ""
        },
        {
            "ID": "2750",
            "ISSC": "",
            "Caption": "被困在电梯中应尽快扒开门脱险。",
            "optionA": "",
            "optionB": "",
            "optionC": "",
            "optionD": "",
            "optionE": "",
            "optionF": "",
            "AnSwer": "N",
            "ReMark": ""
        }
    ],
    "JianDaCount": 0,
    "E": []
}