{
    "OneName": "用电安全",
    "RadioCount": 49,
    "A": [
        {
            "ID": "10",
            "ISSC": "",
            "Caption": "正常情况下一个标志为10A的单相电源插座，可以承载的负载是（ ）。",
            "optionA": "1000W",
            "optionB": "2000W",
            "optionC": "3000W",
            "optionD": "4000W",
            "optionE": "",
            "optionF": "",
            "AnSwer": "B",
            "ReMark": ""
        },
        {
            "ID": "28",
            "ISSC": "",
            "Caption": "在下列环境中，不适合使用金属梯子的有（ ）。",
            "optionA": "有触电机会的工作场所",
            "optionB": "坑穴或密闭场所",
            "optionC": "高空作业",
            "optionD": "",
            "optionE": "",
            "optionF": "",
            "AnSwer": "A",
            "ReMark": ""
        },
        {
            "ID": "62",
            "ISSC": "",
            "Caption": "在进行电子底板贴焊、剪脚等工序时应（ ）。",
            "optionA": "戴上防护眼镜",
            "optionB": "戴上护耳器",
            "optionC": "戴上安全帽",
            "optionD": "",
            "optionE": "",
            "optionF": "",
            "AnSwer": "A",
            "ReMark": ""
        },
        {
            "ID": "68",
            "ISSC": "",
            "Caption": "在供电中，万一发生电击（触电）事故为了保证不至于对人体产生致命危险，引入了安全电压这一概念。下列选项中，工业中使用的安全电压是（ ）。",
            "optionA": "25V",
            "optionB": "36V",
            "optionC": "50V",
            "optionD": "",
            "optionE": "",
            "optionF": "",
            "AnSwer": "B",
            "ReMark": ""
        },
        {
            "ID": "77",
            "ISSC": "",
            "Caption": "在潮湿工作场所和金属容器内使用手提用电工具的安全电压是（ ）。",
            "optionA": "12V",
            "optionB": "24V",
            "optionC": "36V",
            "optionD": "42V",
            "optionE": "",
            "optionF": "",
            "AnSwer": "A",
            "ReMark": ""
        },
        {
            "ID": "84",
            "ISSC": "",
            "Caption": "预防电击（触电）的一条重要措施是用电设备的金属外壳要有效接地。请从下列选项中选择可靠的接地点。",
            "optionA": "单相供电的2根线分别称为火线和地线，选择其中的地线接地。",
            "optionB": "三相供电中的中性点电压应该为零，可以选择这个中性点来接地。",
            "optionC": "实验室内的自来水管（暖气管）是埋设于地下的金属管相连的，可用来接地。",
            "optionD": "专门埋设地下、保证接地电阻很小专用地线。",
            "optionE": "避雷针的接地线。",
            "optionF": "",
            "AnSwer": "D",
            "ReMark": ""
        },
        {
            "ID": "154",
            "ISSC": "",
            "Caption": "移动式电动工具及其开关板（箱）的电源线必须采用（ ）。",
            "optionA": "双层塑料铜芯绝缘导线",
            "optionB": "双股铜芯塑料软线",
            "optionC": "铜芯橡皮绝缘护套或铜芯聚氯乙烯绝缘护套软线",
            "optionD": "",
            "optionE": "",
            "optionF": "",
            "AnSwer": "C",
            "ReMark": ""
        },
        {
            "ID": "168",
            "ISSC": "",
            "Caption": "一般居民住宅、办公场所，若以防止触电为主要目的时，应选用漏电动作电流为多少的漏电保护开关？",
            "optionA": "6 mA",
            "optionB": "15mA",
            "optionC": "30mA",
            "optionD": "50mA",
            "optionE": "",
            "optionF": "",
            "AnSwer": "C",
            "ReMark": ""
        },
        {
            "ID": "198",
            "ISSC": "",
            "Caption": "下面做法错误的是（ ）。",
            "optionA": "用干燥的织物擦拭用电器",
            "optionB": "开关内出现异响一定先修好再使用",
            "optionC": "发现高压电线落地立即用干木棍支起来",
            "optionD": "",
            "optionE": "",
            "optionF": "",
            "AnSwer": "C",
            "ReMark": ""
        },
        {
            "ID": "202",
            "ISSC": "",
            "Caption": "下列有关使用漏电保护器的说法正确的是（ ）。",
            "optionA": "漏电保护器既可用来保护人身安全，还可用来对低压系统或设备的对地绝缘状况起到监督作用",
            "optionB": "漏电保护器安装点以后的线路不可对地绝缘",
            "optionC": "漏电保护器在日常使用中不可在通电状态下按动实验按钮来检验其是否灵敏可靠",
            "optionD": "",
            "optionE": "",
            "optionF": "",
            "AnSwer": "A",
            "ReMark": ""
        },
        {
            "ID": "227",
            "ISSC": "",
            "Caption": "下列灭火器中，最适于扑灭电气火灾的是（ ）。",
            "optionA": "二氧化碳灭火器",
            "optionB": "干粉灭火器",
            "optionC": "泡沫灭火器",
            "optionD": "",
            "optionE": "",
            "optionF": "",
            "AnSwer": "A",
            "ReMark": ""
        },
        {
            "ID": "230",
            "ISSC": "",
            "Caption": "下列灭火方法中，对电器着火不适用的是哪种？",
            "optionA": "用四氯化碳或1211 灭火器进行灭火",
            "optionB": "用沙土灭火",
            "optionC": "用水灭火",
            "optionD": "",
            "optionE": "",
            "optionF": "",
            "AnSwer": "C",
            "ReMark": ""
        },
        {
            "ID": "237",
            "ISSC": "",
            "Caption": "下列关于实验室用电的注意事项描述中，不正确的是（ ）。",
            "optionA": "实验前先检查用电设备，再接通电源；实验结束后，先关仪器设备，再关闭电源",
            "optionB": "工作人员离开实验室或遇突然断电，应关闭电源，尤其要关闭加热电器的电源开关",
            "optionC": "电源或电器设备的保险丝烧断后，可以用其它金属导线代替",
            "optionD": "电源开关附近不得存放易燃易爆物品或堆放杂物",
            "optionE": "",
            "optionF": "",
            "AnSwer": "C",
            "ReMark": ""
        },
        {
            "ID": "254",
            "ISSC": "",
            "Caption": "为了减少电击（触电）事故对人体的损伤，经常用到电流型漏电保护开关，其保护指标设置为≤30mAS。下列描述中含义正确的是（ ）。",
            "optionA": "流经人体的电流（以毫安为单位）和时间（以秒为单位）的乘积小于30，例如电流为30mA则持续的时间必须小于1秒",
            "optionB": "流经人体的电流必须小于30毫安",
            "optionC": "流经人体电流的持续时间必须小于1秒",
            "optionD": "",
            "optionE": "",
            "optionF": "",
            "AnSwer": "A",
            "ReMark": ""
        },
        {
            "ID": "281",
            "ISSC": "",
            "Caption": "通过人身的安全直流电流是（ ）。",
            "optionA": "10mA",
            "optionB": "50mA",
            "optionC": "100mA",
            "optionD": "500mA",
            "optionE": "",
            "optionF": "",
            "AnSwer": "B",
            "ReMark": ""
        },
        {
            "ID": "282",
            "ISSC": "",
            "Caption": "通过人身的安全交流电流是（ ）。",
            "optionA": "10mA",
            "optionB": "50mA",
            "optionC": "100mA",
            "optionD": "500mA",
            "optionE": "",
            "optionF": "",
            "AnSwer": "A",
            "ReMark": ""
        },
        {
            "ID": "290",
            "ISSC": "",
            "Caption": "四孔的三项电源插座上没有（ ）。",
            "optionA": "火线",
            "optionB": "零线",
            "optionC": "地线",
            "optionD": "",
            "optionE": "",
            "optionF": "",
            "AnSwer": "C",
            "ReMark": ""
        },
        {
            "ID": "309",
            "ISSC": "",
            "Caption": "使用手持电动工具时，下列注意事项正确的是（ ）。",
            "optionA": "使用万能插座",
            "optionB": "使用漏电保护器",
            "optionC": "身体或衣服潮湿",
            "optionD": "",
            "optionE": "",
            "optionF": "",
            "AnSwer": "B",
            "ReMark": ""
        },
        {
            "ID": "329",
            "ISSC": "",
            "Caption": "使用电气设备时，由于维护不及时，当（ ）进入时，可导致短路事故。",
            "optionA": "导电粉尘或纤维",
            "optionB": "强光辐射",
            "optionC": "高温环境",
            "optionD": "",
            "optionE": "",
            "optionF": "",
            "AnSwer": "A",
            "ReMark": ""
        },
        {
            "ID": "332",
            "ISSC": "",
            "Caption": "使用的电气设备按有关安全规程，其外壳的防护措施有（ ）。",
            "optionA": "无",
            "optionB": "保护性接零或接地",
            "optionC": "防锈漆",
            "optionD": "",
            "optionE": "",
            "optionF": "",
            "AnSwer": "B",
            "ReMark": ""
        },
        {
            "ID": "363",
            "ISSC": "",
            "Caption": "实验室内的插座距地面的高度一般不低于（ ）。",
            "optionA": "0.3米",
            "optionB": "0.2米",
            "optionC": "0.1米",
            "optionD": "0.5米",
            "optionE": "",
            "optionF": "",
            "AnSwer": "A",
            "ReMark": ""
        },
        {
            "ID": "388",
            "ISSC": "",
            "Caption": "实验时，电源变压器付边输出被短路，会出现什么现象，直至烧毁？",
            "optionA": "电源变压器有异味",
            "optionB": "电源变压器冒烟",
            "optionC": "电源变压器发热",
            "optionD": "以上都是",
            "optionE": "",
            "optionF": "",
            "AnSwer": "D",
            "ReMark": ""
        },
        {
            "ID": "405",
            "ISSC": "",
            "Caption": "施工现场照明设施的接电应采取的防触电措施为（　）。",
            "optionA": "湿手操作",
            "optionB": "切断电源",
            "optionC": "站在铁凳子上",
            "optionD": "",
            "optionE": "",
            "optionF": "",
            "AnSwer": "B",
            "ReMark": ""
        },
        {
            "ID": "437",
            "ISSC": "",
            "Caption": "设备使用需要地线而房间里没有时可以（ ）。",
            "optionA": "不接地线",
            "optionB": "将地线搭在暖气管上",
            "optionC": "把地线连接在零线上",
            "optionD": "找电路维护人员解决",
            "optionE": "",
            "optionF": "",
            "AnSwer": "D",
            "ReMark": ""
        },
        {
            "ID": "441",
            "ISSC": "",
            "Caption": "设备或线路的确认无电，应以（ ）指示作为根据。",
            "optionA": "电压表",
            "optionB": "检验正常的验电器",
            "optionC": "断开信号",
            "optionD": "",
            "optionE": "",
            "optionF": "",
            "AnSwer": "B",
            "ReMark": ""
        },
        {
            "ID": "442",
            "ISSC": "",
            "Caption": "三项电源线间电压是（ ）。",
            "optionA": "110V",
            "optionB": "220V",
            "optionC": "380V",
            "optionD": "",
            "optionE": "",
            "optionF": "",
            "AnSwer": "C",
            "ReMark": ""
        },
        {
            "ID": "447",
            "ISSC": "",
            "Caption": "三孔插座上（ ）孔是火线。",
            "optionA": "右下",
            "optionB": "左下",
            "optionC": "上",
            "optionD": "",
            "optionE": "",
            "optionF": "",
            "AnSwer": "A",
            "ReMark": ""
        },
        {
            "ID": "460",
            "ISSC": "",
            "Caption": "如果工作场所潮湿，为避免触电，使用手持电动工具的人应：",
            "optionA": "站在铁板上操作",
            "optionB": "站在绝缘胶板上操作",
            "optionC": "穿防静电鞋操作",
            "optionD": "戴上安全帽",
            "optionE": "",
            "optionF": "",
            "AnSwer": "B",
            "ReMark": ""
        },
        {
            "ID": "473",
            "ISSC": "",
            "Caption": "人体在电磁场作用下，由于（）将使人体受到不同程度的伤害。",
            "optionA": "电流",
            "optionB": "电压",
            "optionC": "电磁波辐射",
            "optionD": "",
            "optionE": "",
            "optionF": "",
            "AnSwer": "C",
            "ReMark": ""
        },
        {
            "ID": "497",
            "ISSC": "",
            "Caption": "扑救电气设备火灾时，不能用（ ）。",
            "optionA": "四氯化碳灭火器",
            "optionB": "二氧化碳灭火器",
            "optionC": "泡沫灭火器",
            "optionD": "",
            "optionE": "",
            "optionF": "",
            "AnSwer": "C",
            "ReMark": ""
        },
        {
            "ID": "519",
            "ISSC": "",
            "Caption": "民用照明电路电压是（ ）。",
            "optionA": "直流电压220伏",
            "optionB": "交流电压280伏",
            "optionC": "交流电压220伏",
            "optionD": "",
            "optionE": "",
            "optionF": "",
            "AnSwer": "C",
            "ReMark": ""
        },
        {
            "ID": "534",
            "ISSC": "",
            "Caption": "漏电保护器的使用是防止（ ）。",
            "optionA": "触电事故",
            "optionB": "电压波动",
            "optionC": "电流过大",
            "optionD": "",
            "optionE": "",
            "optionF": "",
            "AnSwer": "A",
            "ReMark": ""
        },
        {
            "ID": "540",
            "ISSC": "",
            "Caption": "雷电由于瞬间的强大电流释放巨大能量，不仅会伤及人员，还会损坏设备，甚至引起火灾。下列描述中，室内防止雷电灾害的最主要的措施是（ ）。",
            "optionA": "在较高建筑的顶端及露天的配电设施要装避雷装置",
            "optionB": "雷雨时不使用计算机上网，而且尽可能关闭机器，拔掉电源线和网线",
            "optionC": "雷雨发生时不使用手机",
            "optionD": "",
            "optionE": "",
            "optionF": "",
            "AnSwer": "A",
            "ReMark": ""
        },
        {
            "ID": "576",
            "ISSC": "",
            "Caption": "截面积为2.5mm？的铜芯导线，允许通过的长期电流为（ ）。",
            "optionA": "5~10A",
            "optionB": "10~20A",
            "optionC": "20~30A",
            "optionD": "",
            "optionE": "",
            "optionF": "",
            "AnSwer": "B",
            "ReMark": ""
        },
        {
            "ID": "582",
            "ISSC": "",
            "Caption": "检修高压电动机时，下列行为描述错误的是（ ）。",
            "optionA": "先实施停电安全措施，再在高压电动机及其附属装置的回路上进行检修工作",
            "optionB": "检修工作终结，需通电实验高压电动机及其启动装置时，先让全部工作人员撤离现场，再送电试运转",
            "optionC": "在运行的高压电动机的接地线上进行检修工作",
            "optionD": "",
            "optionE": "",
            "optionF": "",
            "AnSwer": "C",
            "ReMark": ""
        },
        {
            "ID": "633",
            "ISSC": "",
            "Caption": "工作地点相对湿度大于 75% 时，则此工作环境属于（ ）易触电的环境。",
            "optionA": "危险",
            "optionB": "特别危险",
            "optionC": "一般",
            "optionD": "",
            "optionE": "",
            "optionF": "",
            "AnSwer": "A",
            "ReMark": ""
        },
        {
            "ID": "641",
            "ISSC": "",
            "Caption": "高压电容器，实验结束后或闲置时，最合适的处理方式是（ ）。",
            "optionA": "电极接地",
            "optionB": "负电极接地",
            "optionC": "双电极接地",
            "optionD": "双电极短接",
            "optionE": "",
            "optionF": "",
            "AnSwer": "D",
            "ReMark": ""
        },
        {
            "ID": "645",
            "ISSC": "",
            "Caption": "高电压实验时，实验人员必须（ ）人以上。",
            "optionA": "1",
            "optionB": "2",
            "optionC": "3",
            "optionD": "4",
            "optionE": "",
            "optionF": "",
            "AnSwer": "B",
            "ReMark": ""
        },
        {
            "ID": "646",
            "ISSC": "",
            "Caption": "高电压实验时，接地杆使用的接地线应使用（ ）。",
            "optionA": "普通带绝缘层的多股铝线",
            "optionB": "普通带绝缘层的多股铜线",
            "optionC": "普通的单股裸铜线",
            "optionD": "普通的多股裸铜线",
            "optionE": "",
            "optionF": "",
            "AnSwer": "D",
            "ReMark": ""
        },
        {
            "ID": "671",
            "ISSC": "",
            "Caption": "发生触电事故的危险电压一般是从（ ）伏开始。",
            "optionA": "24",
            "optionB": "26",
            "optionC": "65",
            "optionD": "36",
            "optionE": "",
            "optionF": "",
            "AnSwer": "C",
            "ReMark": ""
        },
        {
            "ID": "708",
            "ISSC": "",
            "Caption": "电线接地时，人体距离接地点越近，跨步电压越高；距离越远，跨步电压越低。一般情况下距离接地体多少，跨步电压可看成是零？",
            "optionA": "10m 以内",
            "optionB": "20m 以外",
            "optionC": "30m 以外",
            "optionD": "50m 以外",
            "optionE": "",
            "optionF": "",
            "AnSwer": "B",
            "ReMark": ""
        },
        {
            "ID": "717",
            "ISSC": "",
            "Caption": "电动工具的电源引线，其中黄绿双色线应作为（ ）线使用。",
            "optionA": "相",
            "optionB": "工作零",
            "optionC": "保护接地",
            "optionD": "",
            "optionE": "",
            "optionF": "",
            "AnSwer": "C",
            "ReMark": ""
        },
        {
            "ID": "720",
            "ISSC": "",
            "Caption": "低压验电笔一般适用电压小于（ ）。",
            "optionA": "220V",
            "optionB": "380V",
            "optionC": "500V",
            "optionD": "",
            "optionE": "",
            "optionF": "",
            "AnSwer": "C",
            "ReMark": ""
        },
        {
            "ID": "761",
            "ISSC": "",
            "Caption": "车间内的明、暗插座距地面的高度一般不低于（ ）。",
            "optionA": "0.3米",
            "optionB": "0.2米",
            "optionC": "0.1米",
            "optionD": "",
            "optionE": "",
            "optionF": "",
            "AnSwer": "A",
            "ReMark": ""
        },
        {
            "ID": "768",
            "ISSC": "",
            "Caption": "长期在高频电磁场作用下，操作者会有的不良反应有（ ）。",
            "optionA": "呼吸困难",
            "optionB": "神经失常",
            "optionC": "疲劳无力",
            "optionD": "",
            "optionE": "",
            "optionF": "",
            "AnSwer": "C",
            "ReMark": ""
        },
        {
            "ID": "772",
            "ISSC": "",
            "Caption": "长期搁置不用的手持电动工具，在使用前必须测量绝缘电阻，要求手持电动工具带电部分与外壳之间绝缘电阻不低于多少MΩ？",
            "optionA": "2",
            "optionB": "0.5",
            "optionC": "1",
            "optionD": "10",
            "optionE": "",
            "optionF": "",
            "AnSwer": "B",
            "ReMark": ""
        },
        {
            "ID": "804",
            "ISSC": "",
            "Caption": "保证电气检修人员人身安全最有效的措施是（　）。",
            "optionA": "悬挂标示牌",
            "optionB": "放置遮栏",
            "optionC": "将检修设备接地并短路",
            "optionD": "",
            "optionE": "",
            "optionF": "",
            "AnSwer": "C",
            "ReMark": ""
        },
        {
            "ID": "815",
            "ISSC": "",
            "Caption": "安全电压插座上插孔的形状是（ ）。",
            "optionA": "并列两孔",
            "optionB": "任意三孔",
            "optionC": "圆形三孔",
            "optionD": "",
            "optionE": "",
            "optionF": "",
            "AnSwer": "C",
            "ReMark": ""
        },
        {
            "ID": "828",
            "ISSC": "",
            "Caption": "1.5千瓦的三项交流电机，满负荷工作时其线电流是（ ）。",
            "optionA": "1A左右",
            "optionB": "1.5A左右",
            "optionC": "3A左右",
            "optionD": "7A左右",
            "optionE": "",
            "optionF": "",
            "AnSwer": "C",
            "ReMark": ""
        }
    ],
    "CheckCount": 18,
    "B": [
        {
            "ID": "836",
            "ISSC": "",
            "Caption": "作业现场应具备的基本条件有（ ）。",
            "optionA": "作业现场的生产条件和安全设施等符合有关标准、规范的要求，工作人员的劳动防护用品应合格、齐备",
            "optionB": "经常有人工作的场所及施工车辆上宜配备急救箱，存放急救用品，并应指定专人经常检查、补充或更换",
            "optionC": "现场使用的安全工器具应合格并符合有关要求",
            "optionD": "各类作业人员应被告知其作业现场和工作岗位存在的危险因素、防范措施及事故应急处理措施",
            "optionE": "",
            "optionF": "",
            "AnSwer": "A|B|C|D",
            "ReMark": ""
        },
        {
            "ID": "857",
            "ISSC": "",
            "Caption": "在下列选项中，电气火灾的火源主要有（ ）。",
            "optionA": "电火花",
            "optionB": "可燃性气体（如天然气、煤气等）",
            "optionC": "可燃性液体（如汽油、煤油等）",
            "optionD": "电热高温（在导体中的大电流、或电磁材料中的磁损耗、或绝缘介质中的电损耗产生的热量导致的高温）",
            "optionE": "电热器（如电炉、热得快等）",
            "optionF": "明火（如燃烧的煤炉、木材等）",
            "AnSwer": "A|D|E",
            "ReMark": ""
        },
        {
            "ID": "868",
            "ISSC": "",
            "Caption": "在（ ）情况下，开关、刀闸的操作手柄上须挂“禁止合闸，有人工作的标示牌。",
            "optionA": "一经合闸即可送电到工作地点的开关、刀闸",
            "optionB": "已停用的设备，一经合闸即有造成人身触电危险、设备损坏或引起总漏电保护器动作的开关、刀闸",
            "optionC": "一经合闸会使两个电源系统并列或引起反送电的开关、刀闸",
            "optionD": "",
            "optionE": "",
            "optionF": "",
            "AnSwer": "A|B|C",
            "ReMark": ""
        },
        {
            "ID": "869",
            "ISSC": "",
            "Caption": "运行中的电气设备有（ ）。",
            "optionA": "全部带有电压的电气设备",
            "optionB": "一部分带有电压的电气设备",
            "optionC": "一经操作即有电压的电气设备",
            "optionD": "",
            "optionE": "",
            "optionF": "",
            "AnSwer": "A|B|C",
            "ReMark": ""
        },
        {
            "ID": "878",
            "ISSC": "",
            "Caption": "影响电流对人体伤害程度的主要因素有哪些？",
            "optionA": "电流的大小。",
            "optionB": "人体电阻。",
            "optionC": "通电时间的长短。",
            "optionD": "电流的频率。",
            "optionE": "电压的高低。",
            "optionF": "触电电流经人体的途径。",
            "AnSwer": "A|B|C|D|E|F",
            "ReMark": ""
        },
        {
            "ID": "881",
            "ISSC": "",
            "Caption": "引发电气火灾的初始原因有多种，请从下列选项中选择4种最主要的。",
            "optionA": "电路接触不良。",
            "optionB": "带电改接电气线路。",
            "optionC": "线路或设备过电流运行。",
            "optionD": "电热器挨近可燃物。",
            "optionE": "工作现场有易燃易爆气体。",
            "optionF": "绝缘老化或破坏。",
            "AnSwer": "A|C|D|F",
            "ReMark": ""
        },
        {
            "ID": "906",
            "ISSC": "",
            "Caption": "下列选项中，（ ）是预防电气火灾最重要的基本措施。",
            "optionA": "实验室建设时要全面地规划电气需求，正确地设计方案，容量留有余地",
            "optionB": "从工作现场清除易燃易爆材料",
            "optionC": "禁止非电工改接电气线路，禁止乱拉临时用电线路",
            "optionD": "工作现场禁止吸烟，禁止带火柴、打火机等进入",
            "optionE": "规范使用操作，制定并严格执行用电和电气设备使用安全操作规程",
            "optionF": "做电器实验时应该2人及以上在场",
            "AnSwer": "A|C|E",
            "ReMark": ""
        },
        {
            "ID": "969",
            "ISSC": "",
            "Caption": "使用电钻或手持电动工具时应注意的安全问题有（ ）。",
            "optionA": "所有的导电部分必须有良好的绝缘",
            "optionB": "所有的导线必须是坚韧耐用的软胶皮线。在导线进入电机的壳体处，应用胶皮圈加以保护，以防电线的绝缘层被磨损",
            "optionC": "电机进线应装有接地或接零的装置",
            "optionD": "在使用时，必须穿绝缘鞋；戴绝缘手套等防护用品",
            "optionE": "每次使用工具时，都必须严格检查",
            "optionF": "",
            "AnSwer": "A|B|C|D|E",
            "ReMark": ""
        },
        {
            "ID": "975",
            "ISSC": "",
            "Caption": "实验完成后离开实验室时应进行检查（ ）。",
            "optionA": "切断房间内所有电源",
            "optionB": "关闭房间内所有水源",
            "optionC": "观察房间内是否还有灯亮",
            "optionD": "静听房间内有无声音",
            "optionE": "",
            "optionF": "",
            "AnSwer": "A|B|C|D",
            "ReMark": ""
        },
        {
            "ID": "988",
            "ISSC": "",
            "Caption": "实验室安全包括（ ）。",
            "optionA": "使用设备",
            "optionB": "用电",
            "optionC": "防火",
            "optionD": "防盗",
            "optionE": "",
            "optionF": "",
            "AnSwer": "A|B|C|D",
            "ReMark": ""
        },
        {
            "ID": "1000",
            "ISSC": "",
            "Caption": "全部停电的工作指（ ）。",
            "optionA": "室内高压设备全部停电（包括架空线路与电缆引入线在内）",
            "optionB": "通至邻接高压室的门全部闭锁",
            "optionC": "以及室外高压设备全部停电（包括架空线路与电缆引入线在内）",
            "optionD": "",
            "optionE": "",
            "optionF": "",
            "AnSwer": "A|B|C",
            "ReMark": ""
        },
        {
            "ID": "1013",
            "ISSC": "",
            "Caption": "摩擦是产生静电一种主要原因，尤其在干燥的环境中，人体的活动和物体的移动都会产生很强的静电。静电在突然释放的时候会对人体或设备造成损伤。请从下列选项中选择防止静电事故的主要办法。",
            "optionA": "人体接触对静电敏感设备时提前释放自己身体中积累的电荷，例如带静电防护手环、使用静电防护毯。",
            "optionB": "在重要场合铺设防静电地板。",
            "optionC": "增加空气中的湿度，降低静电产生的条件。",
            "optionD": "用电设备都良好接地。",
            "optionE": "保证电路良好的绝缘。",
            "optionF": "",
            "AnSwer": "A|B|C",
            "ReMark": ""
        },
        {
            "ID": "1023",
            "ISSC": "",
            "Caption": "静电的电量虽然不大，但其放电时产生的静电火花会有可能引起爆炸和火灾，比较常见的是放电时瞬间的电流造成精密实验仪器损坏，正确的预防措施有（　）。",
            "optionA": "适当的提高工作场所的湿度",
            "optionB": "进行特殊危险实验时，操作人员应先接触设置在安全区内的金属接地棒，以消除人体电位",
            "optionC": "尽量穿不宜产生静电的工作服，不要在易产生静电的场所梳理头发",
            "optionD": "计算机进行维护时，使用防静电毯",
            "optionE": "",
            "optionF": "",
            "AnSwer": "A|B|C|D",
            "ReMark": ""
        },
        {
            "ID": "1052",
            "ISSC": "",
            "Caption": "关于安全用电，下列做法错误的是（ ）。",
            "optionA": "用铁丝代替保险丝",
            "optionB": "在电线上晾晒衣物",
            "optionC": "有人触电应立即切断电源",
            "optionD": "定期检查线路，防止绝缘层破损",
            "optionE": "",
            "optionF": "",
            "AnSwer": "A|B",
            "ReMark": ""
        },
        {
            "ID": "1055",
            "ISSC": "",
            "Caption": "高压设备上工作必须遵守哪些规定",
            "optionA": "填用工作票或口头电话命令",
            "optionB": "至少应有两人在一起工作",
            "optionC": "完成保证工作人员安全的组织措施和技术措施",
            "optionD": "",
            "optionE": "",
            "optionF": "",
            "AnSwer": "A|B|C",
            "ReMark": ""
        },
        {
            "ID": "1067",
            "ISSC": "",
            "Caption": "防止交流、直流电触电的基本措施有哪些",
            "optionA": "将带电设备设置必要的防护，保证防护意外的接触、意外的接近",
            "optionB": "对于偶然带电的设备，应采用保护接地和保护接零或安装漏电断路器等措施",
            "optionC": "",
            "optionD": "",
            "optionE": "",
            "optionF": "",
            "AnSwer": "A|B",
            "ReMark": ""
        },
        {
            "ID": "1092",
            "ISSC": "",
            "Caption": "电气设备发生火灾时，可带电灭火的器材有（ ）。",
            "optionA": "1211",
            "optionB": "二氧化碳",
            "optionC": "四氯化碳",
            "optionD": "干粉",
            "optionE": "泡沫灭火器",
            "optionF": "",
            "AnSwer": "A|B|C|D",
            "ReMark": ""
        },
        {
            "ID": "1131",
            "ISSC": "",
            "Caption": "保证安全的技术措施有（ ）。",
            "optionA": "工作票制度",
            "optionB": "停电",
            "optionC": "验电",
            "optionD": "挂地线",
            "optionE": "悬挂标示牌",
            "optionF": "装设遮栏（围栏）",
            "AnSwer": "B|C|D|E|F",
            "ReMark": ""
        }
    ],
    "YorNCount": 73,
    "C": [
        {
            "ID": "1167",
            "ISSC": "",
            "Caption": "只要接线板质量符合要求，就可以随意串联很多个，不影响使用。",
            "optionA": "",
            "optionB": "",
            "optionC": "",
            "optionD": "",
            "optionE": "",
            "optionF": "",
            "AnSwer": "N",
            "ReMark": ""
        },
        {
            "ID": "1204",
            "ISSC": "",
            "Caption": "在照明电路的零线上应该装设熔断器。",
            "optionA": "",
            "optionB": "",
            "optionC": "",
            "optionD": "",
            "optionE": "",
            "optionF": "",
            "AnSwer": "N",
            "ReMark": ""
        },
        {
            "ID": "1207",
            "ISSC": "",
            "Caption": "在有易燃易爆物品附近使用电器必须采取防爆措施。",
            "optionA": "",
            "optionB": "",
            "optionC": "",
            "optionD": "",
            "optionE": "",
            "optionF": "",
            "AnSwer": "Y",
            "ReMark": ""
        },
        {
            "ID": "1208",
            "ISSC": "",
            "Caption": "在有爆炸和火灾危险场所使用手持式或移动式电动工具时，必须采用有防爆措施的电动工具。",
            "optionA": "",
            "optionB": "",
            "optionC": "",
            "optionD": "",
            "optionE": "",
            "optionF": "",
            "AnSwer": "Y",
            "ReMark": ""
        },
        {
            "ID": "1217",
            "ISSC": "",
            "Caption": "在一经合闸即可送电到工作地点的开关和刀闸的操作把手上，均应悬挂“禁止合闸，有人工作”的标示牌。",
            "optionA": "",
            "optionB": "",
            "optionC": "",
            "optionD": "",
            "optionE": "",
            "optionF": "",
            "AnSwer": "Y",
            "ReMark": ""
        },
        {
            "ID": "1249",
            "ISSC": "",
            "Caption": "在实验室同时使用多种电器设备时，应计算所有用电的总容量，它应小于实验室的设计容量。",
            "optionA": "",
            "optionB": "",
            "optionC": "",
            "optionD": "",
            "optionE": "",
            "optionF": "",
            "AnSwer": "Y",
            "ReMark": ""
        },
        {
            "ID": "1269",
            "ISSC": "",
            "Caption": "在三相四线制供电系统中，不允许一部分设备接零，而另一部分设备采用保护接地？",
            "optionA": "",
            "optionB": "",
            "optionC": "",
            "optionD": "",
            "optionE": "",
            "optionF": "",
            "AnSwer": "Y",
            "ReMark": ""
        },
        {
            "ID": "1285",
            "ISSC": "",
            "Caption": "在距离线路或变压器较近，有可能误攀登的建筑物上，必须挂有“禁止攀登，有电危险”的标示牌。",
            "optionA": "",
            "optionB": "",
            "optionC": "",
            "optionD": "",
            "optionE": "",
            "optionF": "",
            "AnSwer": "Y",
            "ReMark": ""
        },
        {
            "ID": "1288",
            "ISSC": "",
            "Caption": "在进行电子线路板焊接后的剪脚工序时，剪脚面应背离身体特别是脸部，防止被剪下引脚弹伤。",
            "optionA": "",
            "optionB": "",
            "optionC": "",
            "optionD": "",
            "optionE": "",
            "optionF": "",
            "AnSwer": "Y",
            "ReMark": ""
        },
        {
            "ID": "1299",
            "ISSC": "",
            "Caption": "在电气类开放性实验或科研实验室，必须二人以上方可开展实验。",
            "optionA": "",
            "optionB": "",
            "optionC": "",
            "optionD": "",
            "optionE": "",
            "optionF": "",
            "AnSwer": "Y",
            "ReMark": ""
        },
        {
            "ID": "1314",
            "ISSC": "",
            "Caption": "在充满可燃气体的环境中，可以使用手动电动工具。",
            "optionA": "",
            "optionB": "",
            "optionC": "",
            "optionD": "",
            "optionE": "",
            "optionF": "",
            "AnSwer": "N",
            "ReMark": ""
        },
        {
            "ID": "1315",
            "ISSC": "",
            "Caption": "在潮湿或高温或有导电灰尘的场所，应该用正常电压供电。",
            "optionA": "",
            "optionB": "",
            "optionC": "",
            "optionD": "",
            "optionE": "",
            "optionF": "",
            "AnSwer": "N",
            "ReMark": ""
        },
        {
            "ID": "1344",
            "ISSC": "",
            "Caption": "有人低压触电时，应该立即伸手将他拉开。",
            "optionA": "",
            "optionB": "",
            "optionC": "",
            "optionD": "",
            "optionE": "",
            "optionF": "",
            "AnSwer": "N",
            "ReMark": ""
        },
        {
            "ID": "1370",
            "ISSC": "",
            "Caption": "用电设备在长时间不用时，应该断开电源。",
            "optionA": "",
            "optionB": "",
            "optionC": "",
            "optionD": "",
            "optionE": "",
            "optionF": "",
            "AnSwer": "Y",
            "ReMark": ""
        },
        {
            "ID": "1372",
            "ISSC": "",
            "Caption": "用电安全的基本要素有：电气绝缘、安全距离、设备及其导体载流量、明显和准确的标志。",
            "optionA": "",
            "optionB": "",
            "optionC": "",
            "optionD": "",
            "optionE": "",
            "optionF": "",
            "AnSwer": "Y",
            "ReMark": ""
        },
        {
            "ID": "1417",
            "ISSC": "",
            "Caption": "移动某些非固定安装的电气设备时(如电风扇，照明灯)，可以不必切断电源。",
            "optionA": "",
            "optionB": "",
            "optionC": "",
            "optionD": "",
            "optionE": "",
            "optionF": "",
            "AnSwer": "N",
            "ReMark": ""
        },
        {
            "ID": "1430",
            "ISSC": "",
            "Caption": "一定程度的电场，磁场，电磁场都可能对人有损害。",
            "optionA": "",
            "optionB": "",
            "optionC": "",
            "optionD": "",
            "optionE": "",
            "optionF": "",
            "AnSwer": "Y",
            "ReMark": ""
        },
        {
            "ID": "1504",
            "ISSC": "",
            "Caption": "消除管线上的静电主要是做好屏蔽。",
            "optionA": "",
            "optionB": "",
            "optionC": "",
            "optionD": "",
            "optionE": "",
            "optionF": "",
            "AnSwer": "N",
            "ReMark": ""
        },
        {
            "ID": "1515",
            "ISSC": "",
            "Caption": "现场触电急救可以打强心针。",
            "optionA": "",
            "optionB": "",
            "optionC": "",
            "optionD": "",
            "optionE": "",
            "optionF": "",
            "AnSwer": "N",
            "ReMark": ""
        },
        {
            "ID": "1582",
            "ISSC": "",
            "Caption": "万用表电阻档可测量绝缘电阻。",
            "optionA": "",
            "optionB": "",
            "optionC": "",
            "optionD": "",
            "optionE": "",
            "optionF": "",
            "AnSwer": "N",
            "ReMark": ""
        },
        {
            "ID": "1614",
            "ISSC": "",
            "Caption": "送电时投入隔离开关的顺序是先合母线侧、后合线路侧。",
            "optionA": "",
            "optionB": "",
            "optionC": "",
            "optionD": "",
            "optionE": "",
            "optionF": "",
            "AnSwer": "Y",
            "ReMark": ""
        },
        {
            "ID": "1636",
            "ISSC": "",
            "Caption": "室内发生电气火灾，应立即报警然后进行扑救。",
            "optionA": "",
            "optionB": "",
            "optionC": "",
            "optionD": "",
            "optionE": "",
            "optionF": "",
            "AnSwer": "N",
            "ReMark": ""
        },
        {
            "ID": "1668",
            "ISSC": "",
            "Caption": "使用钳形电流表时，应注意钳形电流表的电压等级。测量时戴绝缘手套，站在绝缘垫上，不得触及其他设备，以防短路或接地。",
            "optionA": "",
            "optionB": "",
            "optionC": "",
            "optionD": "",
            "optionE": "",
            "optionF": "",
            "AnSwer": "Y",
            "ReMark": ""
        },
        {
            "ID": "1731",
            "ISSC": "",
            "Caption": "实验室内可用电炉、电加热器取暖。",
            "optionA": "",
            "optionB": "",
            "optionC": "",
            "optionD": "",
            "optionE": "",
            "optionF": "",
            "AnSwer": "N",
            "ReMark": ""
        },
        {
            "ID": "1766",
            "ISSC": "",
            "Caption": "实验室禁止私拉乱接电线，实验过程中自制非标设备时，应报请实验室管理人员批准，然后请电气专业人员按照标准安全的连接。",
            "optionA": "",
            "optionB": "",
            "optionC": "",
            "optionD": "",
            "optionE": "",
            "optionF": "",
            "AnSwer": "Y",
            "ReMark": ""
        },
        {
            "ID": "1831",
            "ISSC": "",
            "Caption": "实验过程中用到自制的非标设备时，禁止私拉乱接电线，要请专业电气工程师按照标准安全的连接，同时报请实验室管理员批准。",
            "optionA": "",
            "optionB": "",
            "optionC": "",
            "optionD": "",
            "optionE": "",
            "optionF": "",
            "AnSwer": "Y",
            "ReMark": ""
        },
        {
            "ID": "1899",
            "ISSC": "",
            "Caption": "身边有人严重触电，应当首先切断电源，然后进行紧急抢救如人工呼吸，并立即拨打急救电话120或999。",
            "optionA": "",
            "optionB": "",
            "optionC": "",
            "optionD": "",
            "optionE": "",
            "optionF": "",
            "AnSwer": "Y",
            "ReMark": ""
        },
        {
            "ID": "1909",
            "ISSC": "",
            "Caption": "设备和人体都可靠接地。",
            "optionA": "",
            "optionB": "",
            "optionC": "",
            "optionD": "",
            "optionE": "",
            "optionF": "",
            "AnSwer": "N",
            "ReMark": ""
        },
        {
            "ID": "1911",
            "ISSC": "",
            "Caption": "设备对地绝缘而人体可靠接地。",
            "optionA": "",
            "optionB": "",
            "optionC": "",
            "optionD": "",
            "optionE": "",
            "optionF": "",
            "AnSwer": "N",
            "ReMark": ""
        },
        {
            "ID": "1912",
            "ISSC": "",
            "Caption": "设备的外壳保护地线在没有接地设备的时候可以接在零线上。",
            "optionA": "",
            "optionB": "",
            "optionC": "",
            "optionD": "",
            "optionE": "",
            "optionF": "",
            "AnSwer": "N",
            "ReMark": ""
        },
        {
            "ID": "1940",
            "ISSC": "",
            "Caption": "任何电气设备在未验明无电时，一律认为有电，不能盲目触及。",
            "optionA": "",
            "optionB": "",
            "optionC": "",
            "optionD": "",
            "optionE": "",
            "optionF": "",
            "AnSwer": "Y",
            "ReMark": ""
        },
        {
            "ID": "1947",
            "ISSC": "",
            "Caption": "人体触电致死，是由于肝脏受到严重伤害。",
            "optionA": "",
            "optionB": "",
            "optionC": "",
            "optionD": "",
            "optionE": "",
            "optionF": "",
            "AnSwer": "N",
            "ReMark": ""
        },
        {
            "ID": "1948",
            "ISSC": "",
            "Caption": "人体触电，双手触电致死比单手触电致死的概率要大得多。",
            "optionA": "",
            "optionB": "",
            "optionC": "",
            "optionD": "",
            "optionE": "",
            "optionF": "",
            "AnSwer": "Y",
            "ReMark": ""
        },
        {
            "ID": "1961",
            "ISSC": "",
            "Caption": "清洗电动机械时可以不用断开电源。",
            "optionA": "",
            "optionB": "",
            "optionC": "",
            "optionD": "",
            "optionE": "",
            "optionF": "",
            "AnSwer": "N",
            "ReMark": ""
        },
        {
            "ID": "2036",
            "ISSC": "",
            "Caption": "漏电保护器既可用来保护人身安全，还可用来对低压系统或设备的绝缘状况起到监督作用；漏电保护器安装点以后的线路应是对地绝缘良好。",
            "optionA": "",
            "optionB": "",
            "optionC": "",
            "optionD": "",
            "optionE": "",
            "optionF": "",
            "AnSwer": "Y",
            "ReMark": ""
        },
        {
            "ID": "2037",
            "ISSC": "",
            "Caption": "漏电保护器对两相触电（人体双手触及两相电源），不起保护作用。",
            "optionA": "",
            "optionB": "",
            "optionC": "",
            "optionD": "",
            "optionE": "",
            "optionF": "",
            "AnSwer": "Y",
            "ReMark": ""
        },
        {
            "ID": "2043",
            "ISSC": "",
            "Caption": "连接在接线板上的用电总负荷不能超过接线板的最大容量。",
            "optionA": "",
            "optionB": "",
            "optionC": "",
            "optionD": "",
            "optionE": "",
            "optionF": "",
            "AnSwer": "Y",
            "ReMark": ""
        },
        {
            "ID": "2049",
            "ISSC": "",
            "Caption": "连接电器设备的开关需安装在火线上。",
            "optionA": "",
            "optionB": "",
            "optionC": "",
            "optionD": "",
            "optionE": "",
            "optionF": "",
            "AnSwer": "Y",
            "ReMark": ""
        },
        {
            "ID": "2132",
            "ISSC": "",
            "Caption": "静电有三大特点：一是电压高；二是静电感应突出；三是尖端放电现象严重。",
            "optionA": "",
            "optionB": "",
            "optionC": "",
            "optionD": "",
            "optionE": "",
            "optionF": "",
            "AnSwer": "Y",
            "ReMark": ""
        },
        {
            "ID": "2150",
            "ISSC": "",
            "Caption": "进行电器维修必须先关掉电源再进行修理。",
            "optionA": "",
            "optionB": "",
            "optionC": "",
            "optionD": "",
            "optionE": "",
            "optionF": "",
            "AnSwer": "Y",
            "ReMark": ""
        },
        {
            "ID": "2163",
            "ISSC": "",
            "Caption": "金属材料可以很好地屏蔽低频磁场。",
            "optionA": "",
            "optionB": "",
            "optionC": "",
            "optionD": "",
            "optionE": "",
            "optionF": "",
            "AnSwer": "N",
            "ReMark": ""
        },
        {
            "ID": "2182",
            "ISSC": "",
            "Caption": "交、直流回路可以合用一条电缆。",
            "optionA": "",
            "optionB": "",
            "optionC": "",
            "optionD": "",
            "optionE": "",
            "optionF": "",
            "AnSwer": "N",
            "ReMark": ""
        },
        {
            "ID": "2198",
            "ISSC": "",
            "Caption": "家用电器在使用过程中，可以用湿手操作开关。",
            "optionA": "",
            "optionB": "",
            "optionC": "",
            "optionD": "",
            "optionE": "",
            "optionF": "",
            "AnSwer": "N",
            "ReMark": ""
        },
        {
            "ID": "2329",
            "ISSC": "",
            "Caption": "高压实验中的安全距离：10kV是0.7m；66kV是1.5m；220kV是3m。",
            "optionA": "",
            "optionB": "",
            "optionC": "",
            "optionD": "",
            "optionE": "",
            "optionF": "",
            "AnSwer": "Y",
            "ReMark": ""
        },
        {
            "ID": "2403",
            "ISSC": "",
            "Caption": "发现有人触电，不能直接接触触电者，应用木棒或其它绝缘物将电源线挑开，使触电者脱离电源。",
            "optionA": "",
            "optionB": "",
            "optionC": "",
            "optionD": "",
            "optionE": "",
            "optionF": "",
            "AnSwer": "Y",
            "ReMark": ""
        },
        {
            "ID": "2432",
            "ISSC": "",
            "Caption": "对于在易燃、易爆、易灼烧及有静电发生的场所作业的工人，可以发放和使用化纤防护用品。",
            "optionA": "",
            "optionB": "",
            "optionC": "",
            "optionD": "",
            "optionE": "",
            "optionF": "",
            "AnSwer": "N",
            "ReMark": ""
        },
        {
            "ID": "2457",
            "ISSC": "",
            "Caption": "对容易产生静电的场所，要保持地面潮湿，或者铺设导电性能好的地面；工作人员要穿防静电的衣服和鞋靴，静电及时导人大地，防止静电积聚，产生火花。",
            "optionA": "",
            "optionB": "",
            "optionC": "",
            "optionD": "",
            "optionE": "",
            "optionF": "",
            "AnSwer": "Y",
            "ReMark": ""
        },
        {
            "ID": "2480",
            "ISSC": "",
            "Caption": "短路是指电气线路中相线与相线，相线与零线或大地，在未通过负载或电阻很小的情况下相碰，造成电气回路中电流剧增的现象",
            "optionA": "",
            "optionB": "",
            "optionC": "",
            "optionD": "",
            "optionE": "",
            "optionF": "",
            "AnSwer": "Y",
            "ReMark": ""
        },
        {
            "ID": "2481",
            "ISSC": "",
            "Caption": "短路会使短路处甚至整个电路过热，从而导致线路的绝缘层燃烧，引发火灾。",
            "optionA": "",
            "optionB": "",
            "optionC": "",
            "optionD": "",
            "optionE": "",
            "optionF": "",
            "AnSwer": "Y",
            "ReMark": ""
        },
        {
            "ID": "2485",
            "ISSC": "",
            "Caption": "短路电流使短路处甚至使整个电路过热，会使导线的绝缘层燃烧起来，并引燃周围建筑物内的可燃物。",
            "optionA": "",
            "optionB": "",
            "optionC": "",
            "optionD": "",
            "optionE": "",
            "optionF": "",
            "AnSwer": "Y",
            "ReMark": ""
        },
        {
            "ID": "2490",
            "ISSC": "",
            "Caption": "动力配电箱的闸刀开关可以带负荷拉开。",
            "optionA": "",
            "optionB": "",
            "optionC": "",
            "optionD": "",
            "optionE": "",
            "optionF": "",
            "AnSwer": "N",
            "ReMark": ""
        },
        {
            "ID": "2501",
            "ISSC": "",
            "Caption": "电源插座附近不应堆放易燃物等杂物。",
            "optionA": "",
            "optionB": "",
            "optionC": "",
            "optionD": "",
            "optionE": "",
            "optionF": "",
            "AnSwer": "Y",
            "ReMark": ""
        },
        {
            "ID": "2506",
            "ISSC": "",
            "Caption": "电器或线路着火，要先切断电源，再用干粉灭火器或气体灭火器灭火，不可直接泼水灭火，以防触电或电器爆炸伤人。",
            "optionA": "",
            "optionB": "",
            "optionC": "",
            "optionD": "",
            "optionE": "",
            "optionF": "",
            "AnSwer": "Y",
            "ReMark": ""
        },
        {
            "ID": "2512",
            "ISSC": "",
            "Caption": "电气设备着火，首先必须采取的措施是灭火。",
            "optionA": "",
            "optionB": "",
            "optionC": "",
            "optionD": "",
            "optionE": "",
            "optionF": "",
            "AnSwer": "N",
            "ReMark": ""
        },
        {
            "ID": "2518",
            "ISSC": "",
            "Caption": "电路谐振时，电容的电压可以是电源电压的几倍。",
            "optionA": "",
            "optionB": "",
            "optionC": "",
            "optionD": "",
            "optionE": "",
            "optionF": "",
            "AnSwer": "Y",
            "ReMark": ""
        },
        {
            "ID": "2527",
            "ISSC": "",
            "Caption": "电炉、烘箱等用电设备在使用中，使用人员不得离开。",
            "optionA": "",
            "optionB": "",
            "optionC": "",
            "optionD": "",
            "optionE": "",
            "optionF": "",
            "AnSwer": "Y",
            "ReMark": ""
        },
        {
            "ID": "2530",
            "ISSC": "",
            "Caption": "电流对人体的伤害有两种类型，即电击和电伤。",
            "optionA": "",
            "optionB": "",
            "optionC": "",
            "optionD": "",
            "optionE": "",
            "optionF": "",
            "AnSwer": "Y",
            "ReMark": ""
        },
        {
            "ID": "2535",
            "ISSC": "",
            "Caption": "电击（触电）通常指因为人体接触带电的线路或设备而受到伤害的事故。为了避免电击（触电）事故的发生，设备须可靠接地和人体对地绝缘。",
            "optionA": "",
            "optionB": "",
            "optionC": "",
            "optionD": "",
            "optionE": "",
            "optionF": "",
            "AnSwer": "Y",
            "ReMark": ""
        },
        {
            "ID": "2546",
            "ISSC": "",
            "Caption": "电动工具应由具备证件合格的电工定期检查及维修。",
            "optionA": "",
            "optionB": "",
            "optionC": "",
            "optionD": "",
            "optionE": "",
            "optionF": "",
            "AnSwer": "Y",
            "ReMark": ""
        },
        {
            "ID": "2547",
            "ISSC": "",
            "Caption": "电动工具应定期检修。",
            "optionA": "",
            "optionB": "",
            "optionC": "",
            "optionD": "",
            "optionE": "",
            "optionF": "",
            "AnSwer": "Y",
            "ReMark": ""
        },
        {
            "ID": "2551",
            "ISSC": "",
            "Caption": "电磁式电流互感器在使用中副边不许开路，电压互感器在使用中副边不许短路。",
            "optionA": "",
            "optionB": "",
            "optionC": "",
            "optionD": "",
            "optionE": "",
            "optionF": "",
            "AnSwer": "Y",
            "ReMark": ""
        },
        {
            "ID": "2558",
            "ISSC": "",
            "Caption": "低压设备或做耐压实验的周围栏上可以不用悬挂标示牌。",
            "optionA": "",
            "optionB": "",
            "optionC": "",
            "optionD": "",
            "optionE": "",
            "optionF": "",
            "AnSwer": "N",
            "ReMark": ""
        },
        {
            "ID": "2572",
            "ISSC": "",
            "Caption": "当实验室有人发生触电事故时，应马上直接将其拉开远离电源。",
            "optionA": "",
            "optionB": "",
            "optionC": "",
            "optionD": "",
            "optionE": "",
            "optionF": "",
            "AnSwer": "N",
            "ReMark": ""
        },
        {
            "ID": "2593",
            "ISSC": "",
            "Caption": "当断线落地或大电流从接地装置流入大地时，若人站在附近则可能在两脚之间产生跨步电压。",
            "optionA": "",
            "optionB": "",
            "optionC": "",
            "optionD": "",
            "optionE": "",
            "optionF": "",
            "AnSwer": "Y",
            "ReMark": ""
        },
        {
            "ID": "2664",
            "ISSC": "",
            "Caption": "插拔电器插头时手要保持干燥。",
            "optionA": "",
            "optionB": "",
            "optionC": "",
            "optionD": "",
            "optionE": "",
            "optionF": "",
            "AnSwer": "Y",
            "ReMark": ""
        },
        {
            "ID": "2692",
            "ISSC": "",
            "Caption": "布线时，强、弱电可以合用同一电缆管线。",
            "optionA": "",
            "optionB": "",
            "optionC": "",
            "optionD": "",
            "optionE": "",
            "optionF": "",
            "AnSwer": "N",
            "ReMark": ""
        },
        {
            "ID": "2705",
            "ISSC": "",
            "Caption": "不使用绝缘损坏或接地不良的电器设备。",
            "optionA": "",
            "optionB": "",
            "optionC": "",
            "optionD": "",
            "optionE": "",
            "optionF": "",
            "AnSwer": "Y",
            "ReMark": ""
        },
        {
            "ID": "2710",
            "ISSC": "",
            "Caption": "不能用铁柄毛刷清扫电源开关和用湿布擦电源开关。",
            "optionA": "",
            "optionB": "",
            "optionC": "",
            "optionD": "",
            "optionE": "",
            "optionF": "",
            "AnSwer": "Y",
            "ReMark": ""
        },
        {
            "ID": "2741",
            "ISSC": "",
            "Caption": "避雷针、避雷网、消雷器是用于防止直击雷的保护装置。",
            "optionA": "",
            "optionB": "",
            "optionC": "",
            "optionD": "",
            "optionE": "",
            "optionF": "",
            "AnSwer": "Y",
            "ReMark": ""
        },
        {
            "ID": "2759",
            "ISSC": "",
            "Caption": "保险丝和自动开关可以有效地防止电气火灾。",
            "optionA": "",
            "optionB": "",
            "optionC": "",
            "optionD": "",
            "optionE": "",
            "optionF": "",
            "AnSwer": "N",
            "ReMark": ""
        },
        {
            "ID": "2765",
            "ISSC": "",
            "Caption": "保险丝断了，可以用细铜丝代替。",
            "optionA": "",
            "optionB": "",
            "optionC": "",
            "optionD": "",
            "optionE": "",
            "optionF": "",
            "AnSwer": "N",
            "ReMark": ""
        },
        {
            "ID": "2770",
            "ISSC": "",
            "Caption": "搬动风扇、照明灯和移动电焊机等电气设备时，应在切断电源的情况下进行。",
            "optionA": "",
            "optionB": "",
            "optionC": "",
            "optionD": "",
            "optionE": "",
            "optionF": "",
            "AnSwer": "Y",
            "ReMark": ""
        },
        {
            "ID": "2812",
            "ISSC": "",
            "Caption": "50毫安的工频电流就可以使人遭到致命电击。",
            "optionA": "",
            "optionB": "",
            "optionC": "",
            "optionD": "",
            "optionE": "",
            "optionF": "",
            "AnSwer": "Y",
            "ReMark": ""
        }
    ],
    "JianDaCount": 0,
    "E": []
}