{
    "OneName": "电气类",
    "RadioCount": 69,
    "A": [
        {
            "ID": "2",
            "ISSC": "",
            "Caption": "自耦电源变压器的输出端指示电压为零时，表示",
            "optionA": "是安全的",
            "optionB": "不带电",
            "optionC": "未必是安全的（如果输入端火线和零线未按要求接，变压器付边会有高压）",
            "optionD": "",
            "optionE": "",
            "optionF": "",
            "AnSwer": "C",
            "ReMark": ""
        },
        {
            "ID": "21",
            "ISSC": "",
            "Caption": "在遇到高压电线断落地面时，导线断落点（ 　）米内，禁止人员进入",
            "optionA": "10",
            "optionB": "20",
            "optionC": "30",
            "optionD": "",
            "optionE": "",
            "optionF": "",
            "AnSwer": "B",
            "ReMark": ""
        },
        {
            "ID": "22",
            "ISSC": "",
            "Caption": "在有电阻、电容、电感的电路中，电源电压是几十伏，电容或电感的电压可以是：",
            "optionA": "几十伏",
            "optionB": "不超过电源电压",
            "optionC": "超过百伏",
            "optionD": "不会触死人",
            "optionE": "",
            "optionF": "",
            "AnSwer": "C",
            "ReMark": ""
        },
        {
            "ID": "26",
            "ISSC": "",
            "Caption": "在需要带电操作的低电压电路实验时，下列哪种说法是正确的",
            "optionA": "双手操作比单手操作安全",
            "optionB": "单手操作比双手操作安全",
            "optionC": "单手操作和双手操作一样安全",
            "optionD": "操作与空气湿度有关",
            "optionE": "",
            "optionF": "",
            "AnSwer": "B",
            "ReMark": ""
        },
        {
            "ID": "58",
            "ISSC": "",
            "Caption": "在进行电子线路板焊接后的剪脚工序时应：",
            "optionA": "戴上防护眼镜",
            "optionB": "戴上护耳器",
            "optionC": "戴上安全帽",
            "optionD": "戴上手套",
            "optionE": "",
            "optionF": "",
            "AnSwer": "A",
            "ReMark": ""
        },
        {
            "ID": "60",
            "ISSC": "",
            "Caption": "在进行电子底板贴焊、剪脚等工序时应（ ）。",
            "optionA": "戴上防护眼镜",
            "optionB": "戴上护耳器",
            "optionC": "戴上安全帽",
            "optionD": "",
            "optionE": "",
            "optionF": "",
            "AnSwer": "A",
            "ReMark": ""
        },
        {
            "ID": "69",
            "ISSC": "",
            "Caption": "在供电中，万一发生电击（触电）事故为了保证不至于对人体产生致命危险，引入了安全电压这一概念。下列选项中，工业中使用的安全电压是（ ）。",
            "optionA": "25V",
            "optionB": "36V",
            "optionC": "50V",
            "optionD": "",
            "optionE": "",
            "optionF": "",
            "AnSwer": "B",
            "ReMark": ""
        },
        {
            "ID": "83",
            "ISSC": "",
            "Caption": "预防电击（触电）的一条重要措施是用电设备的金属外壳要有效接地。请从下列选项中选择可靠的接地点。",
            "optionA": "单相供电的2根线分别称为火线和地线，选择其中的地线接地。",
            "optionB": "三相供电中的中性点电压应该为零，可以选择这个中性点来接地。",
            "optionC": "实验室内的自来水管（暖气管）是埋设于地下的金属管相连的，可用来接地。",
            "optionD": "专门埋设地下、保证接地电阻很小专用地线。",
            "optionE": "避雷针的接地线。",
            "optionF": "",
            "AnSwer": "D",
            "ReMark": ""
        },
        {
            "ID": "91",
            "ISSC": "",
            "Caption": "有人触电时，使触电人员脱离电源的错误方法是：",
            "optionA": "借助工具使触电者脱离电源",
            "optionB": "抓触电人的手",
            "optionC": "抓触电人的干燥外衣",
            "optionD": "切断电源",
            "optionE": "",
            "optionF": "",
            "AnSwer": "B",
            "ReMark": ""
        },
        {
            "ID": "102",
            "ISSC": "",
            "Caption": "影响电流对人体伤害程度的主要因素是什么？",
            "optionA": "电流的大小",
            "optionB": "触电电流经人体的途径",
            "optionC": "电流的频率、人体电阻",
            "optionD": "以上都是",
            "optionE": "",
            "optionF": "",
            "AnSwer": "D",
            "ReMark": ""
        },
        {
            "ID": "106",
            "ISSC": "",
            "Caption": "引发电气火灾的初始原因是:",
            "optionA": "电源保险丝不起作用",
            "optionB": "带电改接电气线路",
            "optionC": "线路或设备过电流运行",
            "optionD": "没有保护性接零或接地",
            "optionE": "",
            "optionF": "",
            "AnSwer": "C",
            "ReMark": ""
        },
        {
            "ID": "107",
            "ISSC": "",
            "Caption": "因实验需要拉接电源线，下列哪种说法是正确的？",
            "optionA": "不得任意放置于通道上，以免因绝缘破损造成短路或影响通行",
            "optionB": "插座不足时，可连续串接",
            "optionC": "插座不足时，可连续分接",
            "optionD": "不考虑负荷容量",
            "optionE": "",
            "optionF": "",
            "AnSwer": "A",
            "ReMark": ""
        },
        {
            "ID": "120",
            "ISSC": "",
            "Caption": "以下有关实验室用电的注意事项中，不正确的是？",
            "optionA": "实验前先检查用电设备，再接通电源；实验结束后，先关仪器设备，再关闭电源。",
            "optionB": "工作人员离开实验室或遇突然断电，应关闭电源，尤其要关闭加热电器的电源开关。",
            "optionC": "电源或电器设备的保险丝烧断后，可以用其它金属导线代替。",
            "optionD": "电源开关附近不得存放易燃易爆物品或堆放杂物。",
            "optionE": "",
            "optionF": "",
            "AnSwer": "C",
            "ReMark": ""
        },
        {
            "ID": "156",
            "ISSC": "",
            "Caption": "移动式电动工具及其开关板（箱）的电源线必须采用（ ）。",
            "optionA": "双层塑料铜芯绝缘导线",
            "optionB": "双股铜芯塑料软线",
            "optionC": "铜芯橡皮绝缘护套或铜芯聚氯乙烯绝缘护套软线",
            "optionD": "",
            "optionE": "",
            "optionF": "",
            "AnSwer": "C",
            "ReMark": ""
        },
        {
            "ID": "167",
            "ISSC": "",
            "Caption": "一般居民住宅、办公场所，若以防止触电为主要目的时，应选用漏电动作电流为多少的漏电保护开关？",
            "optionA": "6 mA",
            "optionB": "15mA",
            "optionC": "30mA",
            "optionD": "50mA",
            "optionE": "",
            "optionF": "",
            "AnSwer": "C",
            "ReMark": ""
        },
        {
            "ID": "204",
            "ISSC": "",
            "Caption": "下列有关使用漏电保护器的说法，哪种正确？",
            "optionA": "漏电保护器既可用来保护人身安全，还可用来对低压系统或设备的对地绝缘状况起到监督作用。",
            "optionB": "漏电保护器安装点以后的线路不可对地绝缘。",
            "optionC": "漏电保护器在日常使用中不可在通电状态下按动实验按钮来检验其是否灵敏可靠。",
            "optionD": "",
            "optionE": "",
            "optionF": "",
            "AnSwer": "A",
            "ReMark": ""
        },
        {
            "ID": "221",
            "ISSC": "",
            "Caption": "下列哪种灭火器不适于扑灭电器火灾？",
            "optionA": "二氧化碳灭火器",
            "optionB": "干粉灭火器",
            "optionC": "泡沫灭火器",
            "optionD": "",
            "optionE": "",
            "optionF": "",
            "AnSwer": "C",
            "ReMark": ""
        },
        {
            "ID": "224",
            "ISSC": "",
            "Caption": "下列哪些是预防电气火灾的基本措施？",
            "optionA": "禁止非电工改接电气线路，禁止乱拉临时用电线路",
            "optionB": "做电气类实验时应该2人及以上在场",
            "optionC": "从工作现场清除易燃易爆材料",
            "optionD": "以上都是",
            "optionE": "",
            "optionF": "",
            "AnSwer": "D",
            "ReMark": ""
        },
        {
            "ID": "255",
            "ISSC": "",
            "Caption": "为了减少电击（触电）事故对人体的损伤，经常用到电流型漏电保护开关，其保护指标设置为≤30mAS。下列描述中含义正确的是（ ）。",
            "optionA": "流经人体的电流（以毫安为单位）和时间（以秒为单位）的乘积小于30，例如电流为30mA则持续的时间必须小于1秒",
            "optionB": "流经人体的电流必须小于30毫安",
            "optionC": "流经人体电流的持续时间必须小于1秒",
            "optionD": "",
            "optionE": "",
            "optionF": "",
            "AnSwer": "A",
            "ReMark": ""
        },
        {
            "ID": "260",
            "ISSC": "",
            "Caption": "为防止静电火花引起事故，凡是用来加工、贮存、运输各种易燃气、液、粉体的设备金属管、非导电材料管都必须（ ）。",
            "optionA": "有足够大的电阻",
            "optionB": "有足够小的电阻",
            "optionC": "可靠接地",
            "optionD": "",
            "optionE": "",
            "optionF": "",
            "AnSwer": "C",
            "ReMark": ""
        },
        {
            "ID": "276",
            "ISSC": "",
            "Caption": "万用表使用完后，应将切换旋钮放在",
            "optionA": "电阻档",
            "optionB": "直流电压档",
            "optionC": "交流电压最高档",
            "optionD": "电流量档",
            "optionE": "",
            "optionF": "",
            "AnSwer": "C",
            "ReMark": ""
        },
        {
            "ID": "279",
            "ISSC": "",
            "Caption": "万一发生电气火灾，首先应该采取的第一条措施是：",
            "optionA": "打电话报警",
            "optionB": "切断电源",
            "optionC": "扑灭明火",
            "optionD": "求援",
            "optionE": "",
            "optionF": "",
            "AnSwer": "B",
            "ReMark": ""
        },
        {
            "ID": "283",
            "ISSC": "",
            "Caption": "停电检修时，在一经合闸即可送电到工作地点的开关或刀闸的操作把手上，应悬挂如下哪种标示牌？",
            "optionA": "“请勿靠近”",
            "optionB": "“止步，高压危险”",
            "optionC": "“禁止合闸，有人工作”",
            "optionD": "",
            "optionE": "",
            "optionF": "",
            "AnSwer": "C",
            "ReMark": ""
        },
        {
            "ID": "312",
            "ISSC": "",
            "Caption": "使用手持电动工具时，下列哪个措施不正确？",
            "optionA": "使用静电防护毯",
            "optionB": "带防护手套",
            "optionC": "使用漏电保护器",
            "optionD": "穿绝缘鞋",
            "optionE": "",
            "optionF": "",
            "AnSwer": "A",
            "ReMark": ""
        },
        {
            "ID": "327",
            "ISSC": "",
            "Caption": "使用电气设备时，由于维护不及时，当什么进入时可导致短路事故？",
            "optionA": "导电粉尘或纤维",
            "optionB": "强光辐射",
            "optionC": "高温环境",
            "optionD": "潮气",
            "optionE": "",
            "optionF": "",
            "AnSwer": "A",
            "ReMark": ""
        },
        {
            "ID": "328",
            "ISSC": "",
            "Caption": "使用电气设备时，由于维护不及时，当（　）进入时，可导致短路事故。",
            "optionA": "导电粉尘或纤维",
            "optionB": "强光辐射",
            "optionC": "高温环境",
            "optionD": "",
            "optionE": "",
            "optionF": "",
            "AnSwer": "A",
            "ReMark": ""
        },
        {
            "ID": "330",
            "ISSC": "",
            "Caption": "使用电烙铁应注意：",
            "optionA": "不能乱甩焊锡",
            "optionB": "及时放回烙铁架，用完及时切断电源",
            "optionC": "周围不得放置易燃物品",
            "optionD": "以上都是",
            "optionE": "",
            "optionF": "",
            "AnSwer": "D",
            "ReMark": ""
        },
        {
            "ID": "369",
            "ISSC": "",
            "Caption": "实验室各种管理规章制度应该：",
            "optionA": "上墙或便于取阅的地方",
            "optionB": "存放在档案柜中",
            "optionC": "由相关人员集中保管",
            "optionD": "保存在计算机内",
            "optionE": "",
            "optionF": "",
            "AnSwer": "A",
            "ReMark": ""
        },
        {
            "ID": "374",
            "ISSC": "",
            "Caption": "实验室电器设备所引起的火灾，应：",
            "optionA": "用水灭火",
            "optionB": "用二氧化碳或干粉灭火器灭火",
            "optionC": "用泡沫灭火器灭火",
            "optionD": "",
            "optionE": "",
            "optionF": "",
            "AnSwer": "B",
            "ReMark": ""
        },
        {
            "ID": "387",
            "ISSC": "",
            "Caption": "实验时，电源变压器付边输出被短路，会出现什么现象，直至烧毁？",
            "optionA": "电源变压器有异味",
            "optionB": "电源变压器冒烟",
            "optionC": "电源变压器发热",
            "optionD": "以上都是",
            "optionE": "",
            "optionF": "",
            "AnSwer": "D",
            "ReMark": ""
        },
        {
            "ID": "404",
            "ISSC": "",
            "Caption": "施工现场照明设施的接电应采取的防触电措施为（　）。",
            "optionA": "湿手操作",
            "optionB": "切断电源",
            "optionC": "站在铁凳子上",
            "optionD": "",
            "optionE": "",
            "optionF": "",
            "AnSwer": "B",
            "ReMark": ""
        },
        {
            "ID": "408",
            "ISSC": "",
            "Caption": "师生进入实验室工作，一定要搞清楚（）等位置，有异常情况，要关闭相应的总开关。",
            "optionA": "日光灯开关、水槽、通风橱",
            "optionB": "电源总开关、水源总开关",
            "optionC": "通风设备开关、多媒体开关、计算机开关",
            "optionD": "",
            "optionE": "",
            "optionF": "",
            "AnSwer": "B",
            "ReMark": ""
        },
        {
            "ID": "429",
            "ISSC": "",
            "Caption": "身上着火，最好的做法是：",
            "optionA": "就地打滚或用水冲",
            "optionB": "奔跑",
            "optionC": "大声呼救",
            "optionD": "边跑边脱衣服",
            "optionE": "",
            "optionF": "",
            "AnSwer": "A",
            "ReMark": ""
        },
        {
            "ID": "438",
            "ISSC": "",
            "Caption": "设备或线路的确认无电，应以什么指示作为根据？",
            "optionA": "电压表",
            "optionB": "正常的验电工具",
            "optionC": "断开信号",
            "optionD": "电流表",
            "optionE": "",
            "optionF": "",
            "AnSwer": "B",
            "ReMark": ""
        },
        {
            "ID": "440",
            "ISSC": "",
            "Caption": "设备或线路的确认无电，应以（　）指示作为根据。",
            "optionA": "电压表",
            "optionB": "检验正常的验电器",
            "optionC": "断开信号",
            "optionD": "",
            "optionE": "",
            "optionF": "",
            "AnSwer": "B",
            "ReMark": ""
        },
        {
            "ID": "444",
            "ISSC": "",
            "Caption": "三相电闸闭合后或三相空气开关闭合后，三相电机嗡嗡响、不转或转速很慢。这是为什么？",
            "optionA": "短路。",
            "optionB": "开路。",
            "optionC": "缺相。",
            "optionD": "",
            "optionE": "",
            "optionF": "",
            "AnSwer": "C",
            "ReMark": ""
        },
        {
            "ID": "459",
            "ISSC": "",
            "Caption": "如果工作场所潮湿，为避免触电，使用手持电动工具的人应：",
            "optionA": "站在铁板上操作",
            "optionB": "站在绝缘胶板上操作",
            "optionC": "穿防静电鞋操作",
            "optionD": "戴上安全帽",
            "optionE": "",
            "optionF": "",
            "AnSwer": "B",
            "ReMark": ""
        },
        {
            "ID": "466",
            "ISSC": "",
            "Caption": "任何电气设备在未验明无电之前，一律认为：",
            "optionA": "无电",
            "optionB": "也许有电",
            "optionC": "有电",
            "optionD": "也许无电",
            "optionE": "",
            "optionF": "",
            "AnSwer": "C",
            "ReMark": ""
        },
        {
            "ID": "486",
            "ISSC": "",
            "Caption": "强电实验时，实验人员必须几人以上？",
            "optionA": "1",
            "optionB": "2",
            "optionC": "3",
            "optionD": "4",
            "optionE": "",
            "optionF": "",
            "AnSwer": "B",
            "ReMark": ""
        },
        {
            "ID": "515",
            "ISSC": "",
            "Caption": "摩擦是产生静电的一种主要原因，尤其在干燥的环境中，人体的活动和物体的移动都会产生很强的静电。静电在突然释放的时会对人体或设备造成损伤，以下哪种是防止静电事故的主要办法。",
            "optionA": "人体接触对静电敏感设备时提前释放自己身体中积累的电荷，例如带静电防护手环、使用静电防护毯",
            "optionB": "用电设备都良好接地",
            "optionC": "保证电路良好的绝缘",
            "optionD": "在易产生静电的场所梳理头发",
            "optionE": "",
            "optionF": "",
            "AnSwer": "A",
            "ReMark": ""
        },
        {
            "ID": "530",
            "ISSC": "",
            "Caption": "漏电保护器可防止：",
            "optionA": "触电事故",
            "optionB": "电压波动",
            "optionC": "电流过大",
            "optionD": "双手触电事故",
            "optionE": "",
            "optionF": "",
            "AnSwer": "A",
            "ReMark": ""
        },
        {
            "ID": "541",
            "ISSC": "",
            "Caption": "雷电由于瞬间的强大电流释放巨大能量，不仅会伤及人员，还会损坏设备，甚至引起火灾。下列描述中，室内防止雷电灾害的最主要的措施是（ ）。",
            "optionA": "在较高建筑的顶端及露天的配电设施要装避雷装置",
            "optionB": "雷雨时不使用计算机上网，而且尽可能关闭机器，拔掉电源线和网线",
            "optionC": "雷雨发生时不使用手机",
            "optionD": "",
            "optionE": "",
            "optionF": "",
            "AnSwer": "A",
            "ReMark": ""
        },
        {
            "ID": "556",
            "ISSC": "",
            "Caption": "静电的电量虽然不大，但其放电时产生的静电火花有可能引起爆炸和火灾，比较常见的是放电时瞬间的电流造成精密实验仪器损坏，不正确的预防措施有",
            "optionA": "适当提高工作场所的湿度",
            "optionB": "进行特殊危险实验时，操作人员应先接触设置在安全区内的金属接地棒，以消除人体电位",
            "optionC": "在易产生静电的场所梳理头发",
            "optionD": "计算机进行维护时，使用防静电毯",
            "optionE": "",
            "optionF": "",
            "AnSwer": "C",
            "ReMark": ""
        },
        {
            "ID": "579",
            "ISSC": "",
            "Caption": "节假日期间，仍然需要进入实验室工作的师生，要严格遵守实验室操作规程，做实验时必须要有人在场，并且在实验完成离开时负责（），锁好门窗，以防火灾和爆炸、溢水等事故。",
            "optionA": "关闭仪器设备",
            "optionB": "关闭水源、电源、气源",
            "optionC": "关闭计算机",
            "optionD": "",
            "optionE": "",
            "optionF": "",
            "AnSwer": "B",
            "ReMark": ""
        },
        {
            "ID": "581",
            "ISSC": "",
            "Caption": "交流电路断电后，内部的电容可能会：",
            "optionA": "电死人",
            "optionB": "用仪表测量电容值时，会损坏仪表",
            "optionC": "有高电压",
            "optionD": "以上都是",
            "optionE": "",
            "optionF": "",
            "AnSwer": "D",
            "ReMark": ""
        },
        {
            "ID": "583",
            "ISSC": "",
            "Caption": "检修高压电动机时，下列哪种行为错误？",
            "optionA": "先实施停电安全措施，再在高压电动机及其附属装置的回路上进行检修工作",
            "optionB": "检修工作终结，需通电实验高压电动机及其启动装置时，先让全部工作人员撤离现场，再送电试运转",
            "optionC": "在运行的高压电动机的接地线上进行检修工作",
            "optionD": "",
            "optionE": "",
            "optionF": "",
            "AnSwer": "C",
            "ReMark": ""
        },
        {
            "ID": "629",
            "ISSC": "",
            "Caption": "工作地点相对湿度大于75%时，属于（　）环境",
            "optionA": "危险、易触电",
            "optionB": "不危险",
            "optionC": "一般",
            "optionD": "特殊",
            "optionE": "",
            "optionF": "",
            "AnSwer": "A",
            "ReMark": ""
        },
        {
            "ID": "631",
            "ISSC": "",
            "Caption": "工作地点相对湿度大于75%时，则此工作环境属于（　）易触电的环境。",
            "optionA": "危险",
            "optionB": "特别危险",
            "optionC": "一般",
            "optionD": "",
            "optionE": "",
            "optionF": "",
            "AnSwer": "A",
            "ReMark": ""
        },
        {
            "ID": "642",
            "ISSC": "",
            "Caption": "高压电容器，实验结束后或闲置时，（　）处理最合适",
            "optionA": "电极接地",
            "optionB": "负电极接地",
            "optionC": "双电极接地",
            "optionD": "双电极短接",
            "optionE": "",
            "optionF": "",
            "AnSwer": "D",
            "ReMark": ""
        },
        {
            "ID": "647",
            "ISSC": "",
            "Caption": "高电压实验时，接地杆使用的接地线应使用（ ）。",
            "optionA": "普通带绝缘层的多股铝线",
            "optionB": "普通带绝缘层的多股铜线",
            "optionC": "普通的单股裸铜线",
            "optionD": "普通的多股裸铜线",
            "optionE": "",
            "optionF": "",
            "AnSwer": "D",
            "ReMark": ""
        },
        {
            "ID": "672",
            "ISSC": "",
            "Caption": "发生触电事故的危险电压一般是从（ ）伏开始。",
            "optionA": "24",
            "optionB": "26",
            "optionC": "65",
            "optionD": "36",
            "optionE": "",
            "optionF": "",
            "AnSwer": "C",
            "ReMark": ""
        },
        {
            "ID": "682",
            "ISSC": "",
            "Caption": "对于高压电容器，实验结束后或闲置时，如何处理最合适？",
            "optionA": "电极接地",
            "optionB": "双电极短接（串接合适电阻进行放电）",
            "optionC": "双电极接地",
            "optionD": "不处理",
            "optionE": "",
            "optionF": "",
            "AnSwer": "B",
            "ReMark": ""
        },
        {
            "ID": "701",
            "ISSC": "",
            "Caption": "动力配电线五线制U、V、W、零线、地线的色标分别为",
            "optionA": "蓝、双色线、黄、绿、红",
            "optionB": "黄、绿、红、蓝、双色线",
            "optionC": "双色线、黄、绿、红、蓝",
            "optionD": "红、蓝、双色线、黄、绿",
            "optionE": "",
            "optionF": "",
            "AnSwer": "B",
            "ReMark": ""
        },
        {
            "ID": "704",
            "ISSC": "",
            "Caption": "电源电压高于电容耐压时，会引起:",
            "optionA": "电容短路",
            "optionB": "电容发热",
            "optionC": "电容爆裂而伤害到人",
            "optionD": "电容不会爆裂",
            "optionE": "",
            "optionF": "",
            "AnSwer": "C",
            "ReMark": ""
        },
        {
            "ID": "706",
            "ISSC": "",
            "Caption": "电线接地时，人体距离接地点越近，跨步电压越高；距离越远，跨步电压越低。一般情况下距离接地体多少，跨步电压可看成是零？",
            "optionA": "10m 以内",
            "optionB": "20m 以外",
            "optionC": "30m 以外",
            "optionD": "50m 以外",
            "optionE": "",
            "optionF": "",
            "AnSwer": "B",
            "ReMark": ""
        },
        {
            "ID": "711",
            "ISSC": "",
            "Caption": "电气设备的外壳应有什么防护措施？",
            "optionA": "无",
            "optionB": "保护性接地",
            "optionC": "防锈漆",
            "optionD": "绝缘",
            "optionE": "",
            "optionF": "",
            "AnSwer": "B",
            "ReMark": ""
        },
        {
            "ID": "712",
            "ISSC": "",
            "Caption": "电路实验中，下列哪种操作是错误的",
            "optionA": "电压源不能短路",
            "optionB": "电流源不能短路",
            "optionC": "电流源能短路",
            "optionD": "上述操作都是正确的",
            "optionE": "",
            "optionF": "",
            "AnSwer": "B",
            "ReMark": ""
        },
        {
            "ID": "713",
            "ISSC": "",
            "Caption": "电击（触电）通常指因为人体接触带电的供电线路或设备而受到伤害的事故。为了避免电击（触电）事故的发生，请判断下列措施正确的是",
            "optionA": "设备可靠接地而人体对地绝缘",
            "optionB": "设备和人体都可靠接地",
            "optionC": "设备和人体都对地绝缘",
            "optionD": "设备对地绝缘而人体可靠接地",
            "optionE": "",
            "optionF": "",
            "AnSwer": "A",
            "ReMark": ""
        },
        {
            "ID": "714",
            "ISSC": "",
            "Caption": "电分强电和弱电。下列说法正确的是",
            "optionA": "强电和弱电开关等元件可通用",
            "optionB": "弱电开关等元件不可用在强电电路",
            "optionC": "开关不分强弱",
            "optionD": "弱电开关等元件可用在强电电路",
            "optionE": "",
            "optionF": "",
            "AnSwer": "B",
            "ReMark": ""
        },
        {
            "ID": "721",
            "ISSC": "",
            "Caption": "低压电笔一般适用于多少(？)V以下的交流电压",
            "optionA": "220",
            "optionB": "380",
            "optionC": "500",
            "optionD": "36",
            "optionE": "",
            "optionF": "",
            "AnSwer": "C",
            "ReMark": ""
        },
        {
            "ID": "739",
            "ISSC": "",
            "Caption": "单相三芯线电缆中的红线代表什么？",
            "optionA": "零线",
            "optionB": "火线",
            "optionC": "地线",
            "optionD": "不明确",
            "optionE": "",
            "optionF": "",
            "AnSwer": "B",
            "ReMark": ""
        },
        {
            "ID": "751",
            "ISSC": "",
            "Caption": "从安全角度考虑，设备停电必须有一个明显的",
            "optionA": "标示牌",
            "optionB": "接地处",
            "optionC": "断开点",
            "optionD": "",
            "optionE": "",
            "optionF": "",
            "AnSwer": "C",
            "ReMark": ""
        },
        {
            "ID": "767",
            "ISSC": "",
            "Caption": "长期在高频电磁场作用下，操作者会有什么不良反应？",
            "optionA": "呼吸困难",
            "optionB": "神经失常",
            "optionC": "疲劳无力",
            "optionD": "心跳减慢",
            "optionE": "",
            "optionF": "",
            "AnSwer": "C",
            "ReMark": ""
        },
        {
            "ID": "770",
            "ISSC": "",
            "Caption": "长期在高频电磁场作用下，操作者会有（　）的不良反应。",
            "optionA": "呼吸困难",
            "optionB": "神经失常",
            "optionC": "疲劳无力",
            "optionD": "",
            "optionE": "",
            "optionF": "",
            "AnSwer": "C",
            "ReMark": ""
        },
        {
            "ID": "771",
            "ISSC": "",
            "Caption": "长期搁置不用的手持电动工具，在使用前必须测量绝缘电阻，要求手持电动工具带电部分与外壳之间绝缘电阻不低于多少MΩ？",
            "optionA": "2",
            "optionB": "0.5",
            "optionC": "1",
            "optionD": "10",
            "optionE": "",
            "optionF": "",
            "AnSwer": "B",
            "ReMark": ""
        },
        {
            "ID": "773",
            "ISSC": "",
            "Caption": "测量绝缘电阻可用",
            "optionA": "万用表",
            "optionB": "兆欧表",
            "optionC": "示波器",
            "optionD": "电笔",
            "optionE": "",
            "optionF": "",
            "AnSwer": "B",
            "ReMark": ""
        },
        {
            "ID": "803",
            "ISSC": "",
            "Caption": "保证电气检修人员人身安全最有效的措施是（　）。",
            "optionA": "悬挂标示牌",
            "optionB": "放置遮栏",
            "optionC": "将检修设备接地并短路",
            "optionD": "",
            "optionE": "",
            "optionF": "",
            "AnSwer": "C",
            "ReMark": ""
        },
        {
            "ID": "809",
            "ISSC": "",
            "Caption": "安装使用漏电保护器，是属于哪种安全技术措施？",
            "optionA": "基本安全措施",
            "optionB": "辅助安全措施",
            "optionC": "绝对安全措施",
            "optionD": "应急安全措施",
            "optionE": "",
            "optionF": "",
            "AnSwer": "A",
            "ReMark": ""
        },
        {
            "ID": "814",
            "ISSC": "",
            "Caption": "安全电压是指保证不会对人体产生致命危险的电压值，工业中使用的安全电压是多少以下？",
            "optionA": "25V",
            "optionB": "36V",
            "optionC": "50V",
            "optionD": "110V",
            "optionE": "",
            "optionF": "",
            "AnSwer": "B",
            "ReMark": ""
        }
    ],
    "CheckCount": 12,
    "B": [
        {
            "ID": "835",
            "ISSC": "",
            "Caption": "作业现场应具备哪些基本条件？",
            "optionA": "作业现场的生产条件和安全设施等符合有关标准、规范的要求，工作人员的劳动防护用品应合格、齐备。",
            "optionB": "经常有人工作的场所及施工车辆上宜配备急救箱，存放急救用品，并应指定专人经常检查、补充或更换。",
            "optionC": "现场使用的安全工器具应合格并符合有关要求。",
            "optionD": "各类作业人员应被告知其作业现场和工作岗位存在的危险因素、防范措施及事故应急处理措施。",
            "optionE": "",
            "optionF": "",
            "AnSwer": "A|B|C|D",
            "ReMark": ""
        },
        {
            "ID": "864",
            "ISSC": "",
            "Caption": "在哪些情况下，开关、刀闸的操作手柄上须挂“禁止合闸，有人工作的标示牌",
            "optionA": "一经合闸即可送电到工作地点的开关、刀闸",
            "optionB": "已停用的设备，一经合闸即有造成人身触电危险、设备损坏或引起总漏电保护器动作的开关、刀闸",
            "optionC": "一经合闸会使两个电源系统并列或引起反送电的开关、刀闸",
            "optionD": "",
            "optionE": "",
            "optionF": "",
            "AnSwer": "A|B|C",
            "ReMark": ""
        },
        {
            "ID": "870",
            "ISSC": "",
            "Caption": "运行中的电气设备有（ ）。",
            "optionA": "全部带有电压的电气设备",
            "optionB": "一部分带有电压的电气设备",
            "optionC": "一经操作即有电压的电气设备",
            "optionD": "",
            "optionE": "",
            "optionF": "",
            "AnSwer": "A|B|C",
            "ReMark": ""
        },
        {
            "ID": "959",
            "ISSC": "",
            "Caption": "使用供电延长线应注意下列各项",
            "optionA": "不得任意放置於通道上，以免因绝缘破损造成短路",
            "optionB": "必要时应加保护管并黏贴於地面",
            "optionC": "插座不足时，不能连续串接，以免造成超载或接触不良",
            "optionD": "插座不足时，不能连续分接，以免造成超载或接触不良",
            "optionE": "",
            "optionF": "",
            "AnSwer": "A|B|C|D",
            "ReMark": ""
        },
        {
            "ID": "961",
            "ISSC": "",
            "Caption": "使用供电延长线应注意",
            "optionA": "不得任意放置於通道上，以免因绝缘破损造成短路",
            "optionB": "插座不足时，不能连续串接，以免造成超载或接触不良",
            "optionC": "插座不足时，不能连续分接，以免造成超载或接触不良",
            "optionD": "",
            "optionE": "",
            "optionF": "",
            "AnSwer": "A|B|C",
            "ReMark": ""
        },
        {
            "ID": "968",
            "ISSC": "",
            "Caption": "使用电钻或手持电动工具时应注意哪些安全问题？",
            "optionA": "所有的导电部分必须有良好的绝缘。",
            "optionB": "所有的导线必须是坚韧耐用的软胶皮线。在导线进入电机的壳体处，应用胶皮圈加以保护，以防电线的绝缘层被磨损。",
            "optionC": "电机进线应装有接地或接零的装置。",
            "optionD": "在使用时，必须穿绝缘鞋；戴绝缘手套等防护用品。",
            "optionE": "每次使用工具时，都必须严格检查。",
            "optionF": "",
            "AnSwer": "A|B|C|D|E",
            "ReMark": ""
        },
        {
            "ID": "1001",
            "ISSC": "",
            "Caption": "全部停电的工作指（ ）。",
            "optionA": "室内高压设备全部停电（包括架空线路与电缆引入线在内）",
            "optionB": "通至邻接高压室的门全部闭锁",
            "optionC": "以及室外高压设备全部停电（包括架空线路与电缆引入线在内）",
            "optionD": "",
            "optionE": "",
            "optionF": "",
            "AnSwer": "A|B|C",
            "ReMark": ""
        },
        {
            "ID": "1012",
            "ISSC": "",
            "Caption": "摩擦是产生静电一种主要原因，尤其在干燥的环境中，人体的活动和物体的移动都会产生很强的静电。静电在突然释放的时候会对人体或设备造成损伤。请从下列选项中选择防止静电事故的主要办法。",
            "optionA": "人体接触对静电敏感设备时提前释放自己身体中积累的电荷，例如带静电防护手环、使用静电防护毯。",
            "optionB": "在重要场合铺设防静电地板。",
            "optionC": "增加空气中的湿度，降低静电产生的条件。",
            "optionD": "用电设备都良好接地。",
            "optionE": "保证电路良好的绝缘。",
            "optionF": "",
            "AnSwer": "A|B|C",
            "ReMark": ""
        },
        {
            "ID": "1054",
            "ISSC": "",
            "Caption": "高压设备上工作必须遵守哪些规定",
            "optionA": "填用工作票或口头电话命令",
            "optionB": "至少应有两人在一起工作",
            "optionC": "完成保证工作人员安全的组织措施和技术措施",
            "optionD": "",
            "optionE": "",
            "optionF": "",
            "AnSwer": "A|B|C",
            "ReMark": ""
        },
        {
            "ID": "1066",
            "ISSC": "",
            "Caption": "防止交流、直流电触电的基本措施有哪些",
            "optionA": "将带电设备设置必要的防护，保证防护意外的接触、意外的接近",
            "optionB": "对于偶然带电的设备，应采用保护接地和保护接零或安装漏电断路器等措施",
            "optionC": "",
            "optionD": "",
            "optionE": "",
            "optionF": "",
            "AnSwer": "A|B",
            "ReMark": ""
        },
        {
            "ID": "1100",
            "ISSC": "",
            "Caption": "大量集中使用气瓶应注意哪些问题",
            "optionA": "不必要设置符合要求的集中存放室",
            "optionB": "根据气瓶介质情况采取必要的防火、防爆、防电打火（包括静电）、防毒、防辐射等措施",
            "optionC": ".通风要良好，要有必要的报警装置",
            "optionD": "",
            "optionE": "",
            "optionF": "",
            "AnSwer": "B|C",
            "ReMark": ""
        },
        {
            "ID": "1132",
            "ISSC": "",
            "Caption": "保证安全的技术措施有（ ）。",
            "optionA": "工作票制度",
            "optionB": "停电",
            "optionC": "验电",
            "optionD": "挂地线",
            "optionE": "悬挂标示牌",
            "optionF": "装设遮栏（围栏）",
            "AnSwer": "B|C|D|E|F",
            "ReMark": ""
        }
    ],
    "YorNCount": 87,
    "C": [
        {
            "ID": "1150",
            "ISSC": "",
            "Caption": "作试验时，关合刀闸应当尽量慢，以保护设备。",
            "optionA": "",
            "optionB": "",
            "optionC": "",
            "optionD": "",
            "optionE": "",
            "optionF": "",
            "AnSwer": "N",
            "ReMark": ""
        },
        {
            "ID": "1164",
            "ISSC": "",
            "Caption": "重复接地是指零线上的一处或多处通过接地装置与大地再连接，其安全作用是：降低漏电设备对地电压；减轻零线断线时的触电危险；缩短碰壳或接地短路持续时间；改善架空线路的防雷性能等",
            "optionA": "",
            "optionB": "",
            "optionC": "",
            "optionD": "",
            "optionE": "",
            "optionF": "",
            "AnSwer": "Y",
            "ReMark": ""
        },
        {
            "ID": "1168",
            "ISSC": "",
            "Caption": "只要接线板质量符合要求，就可以随意串联很多个，不影响使用。",
            "optionA": "",
            "optionB": "",
            "optionC": "",
            "optionD": "",
            "optionE": "",
            "optionF": "",
            "AnSwer": "N",
            "ReMark": ""
        },
        {
            "ID": "1203",
            "ISSC": "",
            "Caption": "在照明电路的零线上应该装设熔断器。",
            "optionA": "",
            "optionB": "",
            "optionC": "",
            "optionD": "",
            "optionE": "",
            "optionF": "",
            "AnSwer": "N",
            "ReMark": ""
        },
        {
            "ID": "1211",
            "ISSC": "",
            "Caption": "在有爆炸和火灾危险场所使用手持式或移动式电动工具时，必须采用有防爆措施的电动工具。",
            "optionA": "",
            "optionB": "",
            "optionC": "",
            "optionD": "",
            "optionE": "",
            "optionF": "",
            "AnSwer": "Y",
            "ReMark": ""
        },
        {
            "ID": "1213",
            "ISSC": "",
            "Caption": "在易燃、易爆、易灼烧及有静电发生的场所，可以使用化纤防护用品。",
            "optionA": "",
            "optionB": "",
            "optionC": "",
            "optionD": "",
            "optionE": "",
            "optionF": "",
            "AnSwer": "N",
            "ReMark": ""
        },
        {
            "ID": "1216",
            "ISSC": "",
            "Caption": "在一经合闸即可送电到工作地点的开关和刀闸的操作把手上，均应悬挂“禁止合闸，有人工作”的标示牌。",
            "optionA": "",
            "optionB": "",
            "optionC": "",
            "optionD": "",
            "optionE": "",
            "optionF": "",
            "AnSwer": "Y",
            "ReMark": ""
        },
        {
            "ID": "1237",
            "ISSC": "",
            "Caption": "在使用手电钻、电砂轮等手持电动工具时，为保证安全，应该装设漏电保护器。",
            "optionA": "",
            "optionB": "",
            "optionC": "",
            "optionD": "",
            "optionE": "",
            "optionF": "",
            "AnSwer": "Y",
            "ReMark": ""
        },
        {
            "ID": "1270",
            "ISSC": "",
            "Caption": "在三相四线制供电系统中，不允许一部分设备接零，而另一部分设备采用保护接地？",
            "optionA": "",
            "optionB": "",
            "optionC": "",
            "optionD": "",
            "optionE": "",
            "optionF": "",
            "AnSwer": "Y",
            "ReMark": ""
        },
        {
            "ID": "1289",
            "ISSC": "",
            "Caption": "在进行电子线路板焊接后的剪脚工序时，剪脚面应背离身体特别是脸部，防止被剪下引脚弹伤。",
            "optionA": "",
            "optionB": "",
            "optionC": "",
            "optionD": "",
            "optionE": "",
            "optionF": "",
            "AnSwer": "Y",
            "ReMark": ""
        },
        {
            "ID": "1294",
            "ISSC": "",
            "Caption": "在高压设备上工作分为三类，分别是全部停电的工作，部分停电的工作，不停电的工作",
            "optionA": "",
            "optionB": "",
            "optionC": "",
            "optionD": "",
            "optionE": "",
            "optionF": "",
            "AnSwer": "Y",
            "ReMark": ""
        },
        {
            "ID": "1296",
            "ISSC": "",
            "Caption": "在附近无水源，身上着火来不及脱衣服时，应就地打滚，将火苗压灭进行自救。",
            "optionA": "",
            "optionB": "",
            "optionC": "",
            "optionD": "",
            "optionE": "",
            "optionF": "",
            "AnSwer": "Y",
            "ReMark": ""
        },
        {
            "ID": "1300",
            "ISSC": "",
            "Caption": "在电气类开放性实验或科研实验室，必须二人以上方可开展实验。",
            "optionA": "",
            "optionB": "",
            "optionC": "",
            "optionD": "",
            "optionE": "",
            "optionF": "",
            "AnSwer": "Y",
            "ReMark": ""
        },
        {
            "ID": "1313",
            "ISSC": "",
            "Caption": "在充满可燃气体的环境中，可以使用手动电动工具。",
            "optionA": "",
            "optionB": "",
            "optionC": "",
            "optionD": "",
            "optionE": "",
            "optionF": "",
            "AnSwer": "N",
            "ReMark": ""
        },
        {
            "ID": "1316",
            "ISSC": "",
            "Caption": "在潮湿或高温或有导电灰尘的场所，应该用正常电压供电。",
            "optionA": "",
            "optionB": "",
            "optionC": "",
            "optionD": "",
            "optionE": "",
            "optionF": "",
            "AnSwer": "N",
            "ReMark": ""
        },
        {
            "ID": "1317",
            "ISSC": "",
            "Caption": "在潮湿或高温或有导电灰尘的场所，实验时应该降低电压供电",
            "optionA": "",
            "optionB": "",
            "optionC": "",
            "optionD": "",
            "optionE": "",
            "optionF": "",
            "AnSwer": "Y",
            "ReMark": ""
        },
        {
            "ID": "1371",
            "ISSC": "",
            "Caption": "用电安全的基本要素有：电气绝缘良好、保证安全距离、线路与插座容量与设备功率相适宜、不使用三无产品。",
            "optionA": "",
            "optionB": "",
            "optionC": "",
            "optionD": "",
            "optionE": "",
            "optionF": "",
            "AnSwer": "Y",
            "ReMark": ""
        },
        {
            "ID": "1373",
            "ISSC": "",
            "Caption": "用电安全的基本要素有：电气绝缘、安全距离、设备及其导体载流量、明显和准确的标志。",
            "optionA": "",
            "optionB": "",
            "optionC": "",
            "optionD": "",
            "optionE": "",
            "optionF": "",
            "AnSwer": "Y",
            "ReMark": ""
        },
        {
            "ID": "1476",
            "ISSC": "",
            "Caption": "学生、新员工进实验室之前要参加安全教育和培训，经培训、考核合格后方可进入实验室学习与工作；学生要在老师指导下开展实验研究。",
            "optionA": "",
            "optionB": "",
            "optionC": "",
            "optionD": "",
            "optionE": "",
            "optionF": "",
            "AnSwer": "Y",
            "ReMark": ""
        },
        {
            "ID": "1506",
            "ISSC": "",
            "Caption": "消除管线上的静电主要是做好屏蔽。",
            "optionA": "",
            "optionB": "",
            "optionC": "",
            "optionD": "",
            "optionE": "",
            "optionF": "",
            "AnSwer": "N",
            "ReMark": ""
        },
        {
            "ID": "1514",
            "ISSC": "",
            "Caption": "现场触电急救可以打强心针。",
            "optionA": "",
            "optionB": "",
            "optionC": "",
            "optionD": "",
            "optionE": "",
            "optionF": "",
            "AnSwer": "N",
            "ReMark": ""
        },
        {
            "ID": "1555",
            "ISSC": "",
            "Caption": "为了防止盗窃事件的发生，临时离开实验室必须关门。",
            "optionA": "",
            "optionB": "",
            "optionC": "",
            "optionD": "",
            "optionE": "",
            "optionF": "",
            "AnSwer": "Y",
            "ReMark": ""
        },
        {
            "ID": "1557",
            "ISSC": "",
            "Caption": "为了防止触电可采用绝缘、防护、隔离等技术措施以保障安全。",
            "optionA": "",
            "optionB": "",
            "optionC": "",
            "optionD": "",
            "optionE": "",
            "optionF": "",
            "AnSwer": "Y",
            "ReMark": ""
        },
        {
            "ID": "1561",
            "ISSC": "",
            "Caption": "为方便进出专人管理的设备房间，可自行配制钥匙。",
            "optionA": "",
            "optionB": "",
            "optionC": "",
            "optionD": "",
            "optionE": "",
            "optionF": "",
            "AnSwer": "N",
            "ReMark": ""
        },
        {
            "ID": "1583",
            "ISSC": "",
            "Caption": "万用表电阻档可测量绝缘电阻。",
            "optionA": "",
            "optionB": "",
            "optionC": "",
            "optionD": "",
            "optionE": "",
            "optionF": "",
            "AnSwer": "N",
            "ReMark": ""
        },
        {
            "ID": "1615",
            "ISSC": "",
            "Caption": "送电时投入隔离开关的顺序是先合母线侧、后合线路侧。",
            "optionA": "",
            "optionB": "",
            "optionC": "",
            "optionD": "",
            "optionE": "",
            "optionF": "",
            "AnSwer": "Y",
            "ReMark": ""
        },
        {
            "ID": "1667",
            "ISSC": "",
            "Caption": "使用钳形电流表时，应注意钳形电流表的量程。测量时戴绝缘手套，站在绝缘垫上，不得触及其它设备，以防短路或接地",
            "optionA": "",
            "optionB": "",
            "optionC": "",
            "optionD": "",
            "optionE": "",
            "optionF": "",
            "AnSwer": "Y",
            "ReMark": ""
        },
        {
            "ID": "1669",
            "ISSC": "",
            "Caption": "使用钳形电流表时，应注意钳形电流表的电压等级。测量时戴绝缘手套，站在绝缘垫上，不得触及其他设备，以防短路或接地。",
            "optionA": "",
            "optionB": "",
            "optionC": "",
            "optionD": "",
            "optionE": "",
            "optionF": "",
            "AnSwer": "Y",
            "ReMark": ""
        },
        {
            "ID": "1729",
            "ISSC": "",
            "Caption": "实验室内严禁吸烟、饮食，或把食具带进实验室。实验完毕，必须洗净双手。",
            "optionA": "",
            "optionB": "",
            "optionC": "",
            "optionD": "",
            "optionE": "",
            "optionF": "",
            "AnSwer": "Y",
            "ReMark": ""
        },
        {
            "ID": "1732",
            "ISSC": "",
            "Caption": "实验室内可以使用木制配电板、闸刀开关、花线电线。",
            "optionA": "",
            "optionB": "",
            "optionC": "",
            "optionD": "",
            "optionE": "",
            "optionF": "",
            "AnSwer": "N",
            "ReMark": ""
        },
        {
            "ID": "1748",
            "ISSC": "",
            "Caption": "实验室内电气设备及线路设施必须严格按照安全用电规程和设备的要求实施，不许乱接、乱拉电线，墙上电源未经允许，不得拆装、改线。",
            "optionA": "",
            "optionB": "",
            "optionC": "",
            "optionD": "",
            "optionE": "",
            "optionF": "",
            "AnSwer": "Y",
            "ReMark": ""
        },
        {
            "ID": "1767",
            "ISSC": "",
            "Caption": "实验室禁止私拉乱接电线，实验过程中自制非标设备时，应报请实验室管理人员批准，然后请电气专业人员按照标准安全的连接。",
            "optionA": "",
            "optionB": "",
            "optionC": "",
            "optionD": "",
            "optionE": "",
            "optionF": "",
            "AnSwer": "Y",
            "ReMark": ""
        },
        {
            "ID": "1792",
            "ISSC": "",
            "Caption": "实验室不得乱拉电线，套接接线板。",
            "optionA": "",
            "optionB": "",
            "optionC": "",
            "optionD": "",
            "optionE": "",
            "optionF": "",
            "AnSwer": "Y",
            "ReMark": ""
        },
        {
            "ID": "1805",
            "ISSC": "",
            "Caption": "实验室安全与卫生工作应坚持“安全第一，预防为主”的原则。",
            "optionA": "",
            "optionB": "",
            "optionC": "",
            "optionD": "",
            "optionE": "",
            "optionF": "",
            "AnSwer": "Y",
            "ReMark": ""
        },
        {
            "ID": "1839",
            "ISSC": "",
            "Caption": "实验过程中如发生事故，应冷静妥善地处理，尽量把事故解决在萌芽状态。如较为严重，有危及人身安全可能时，应及时撤离现场，并通知邻近实验室工作人员迅速撤离，尽快报警。",
            "optionA": "",
            "optionB": "",
            "optionC": "",
            "optionD": "",
            "optionE": "",
            "optionF": "",
            "AnSwer": "Y",
            "ReMark": ""
        },
        {
            "ID": "1902",
            "ISSC": "",
            "Caption": "身边有人严重触电，应当首先切断电源，然后进行紧急抢救如人工呼吸，并立即拨打急救电话120或999。",
            "optionA": "",
            "optionB": "",
            "optionC": "",
            "optionD": "",
            "optionE": "",
            "optionF": "",
            "AnSwer": "Y",
            "ReMark": ""
        },
        {
            "ID": "1920",
            "ISSC": "",
            "Caption": "若被火场浓烟所困，应迅速起身跑出火场。",
            "optionA": "",
            "optionB": "",
            "optionC": "",
            "optionD": "",
            "optionE": "",
            "optionF": "",
            "AnSwer": "N",
            "ReMark": ""
        },
        {
            "ID": "1943",
            "ISSC": "",
            "Caption": "任何电气设备在未验明无电时，一律认为有电，不能盲目触及。",
            "optionA": "",
            "optionB": "",
            "optionC": "",
            "optionD": "",
            "optionE": "",
            "optionF": "",
            "AnSwer": "Y",
            "ReMark": ""
        },
        {
            "ID": "1949",
            "ISSC": "",
            "Caption": "人体触电，双手触电致死比单手触电致死的概率要大得多。",
            "optionA": "",
            "optionB": "",
            "optionC": "",
            "optionD": "",
            "optionE": "",
            "optionF": "",
            "AnSwer": "Y",
            "ReMark": ""
        },
        {
            "ID": "1963",
            "ISSC": "",
            "Caption": "清洗电动机械时可以不用断开电源。",
            "optionA": "",
            "optionB": "",
            "optionC": "",
            "optionD": "",
            "optionE": "",
            "optionF": "",
            "AnSwer": "N",
            "ReMark": ""
        },
        {
            "ID": "2035",
            "ISSC": "",
            "Caption": "漏电保护器既可用来保护人身安全，还可用来对低压系统或设备的绝缘状况起到监督作用；漏电保护器安装点以后的线路应是对地绝缘良好。",
            "optionA": "",
            "optionB": "",
            "optionC": "",
            "optionD": "",
            "optionE": "",
            "optionF": "",
            "AnSwer": "Y",
            "ReMark": ""
        },
        {
            "ID": "2038",
            "ISSC": "",
            "Caption": "漏电保护器对两相触电（人体双手触及两相电源），不起保护作用。",
            "optionA": "",
            "optionB": "",
            "optionC": "",
            "optionD": "",
            "optionE": "",
            "optionF": "",
            "AnSwer": "Y",
            "ReMark": ""
        },
        {
            "ID": "2044",
            "ISSC": "",
            "Caption": "连接在接线板上的用电总负荷不能超过接线板的最大容量。",
            "optionA": "",
            "optionB": "",
            "optionC": "",
            "optionD": "",
            "optionE": "",
            "optionF": "",
            "AnSwer": "Y",
            "ReMark": ""
        },
        {
            "ID": "2050",
            "ISSC": "",
            "Caption": "连接电气设备的开关需安装在火线上。",
            "optionA": "",
            "optionB": "",
            "optionC": "",
            "optionD": "",
            "optionE": "",
            "optionF": "",
            "AnSwer": "Y",
            "ReMark": ""
        },
        {
            "ID": "2131",
            "ISSC": "",
            "Caption": "静电有三大特点：一是电压高；二是静电感应突出；三是尖端放电现象严重。",
            "optionA": "",
            "optionB": "",
            "optionC": "",
            "optionD": "",
            "optionE": "",
            "optionF": "",
            "AnSwer": "Y",
            "ReMark": ""
        },
        {
            "ID": "2135",
            "ISSC": "",
            "Caption": "静电可以引起爆炸、电气绝缘和电子元器件击穿。",
            "optionA": "",
            "optionB": "",
            "optionC": "",
            "optionD": "",
            "optionE": "",
            "optionF": "",
            "AnSwer": "Y",
            "ReMark": ""
        },
        {
            "ID": "2164",
            "ISSC": "",
            "Caption": "金属材料可以很好地屏蔽低频磁场。",
            "optionA": "",
            "optionB": "",
            "optionC": "",
            "optionD": "",
            "optionE": "",
            "optionF": "",
            "AnSwer": "N",
            "ReMark": ""
        },
        {
            "ID": "2169",
            "ISSC": "",
            "Caption": "节假日或假期在实验室做实验必须经导师批准，并报院系备案。",
            "optionA": "",
            "optionB": "",
            "optionC": "",
            "optionD": "",
            "optionE": "",
            "optionF": "",
            "AnSwer": "Y",
            "ReMark": ""
        },
        {
            "ID": "2173",
            "ISSC": "",
            "Caption": "接电路元器件时，主要应关注元器件的耐压和能承受的功率。",
            "optionA": "",
            "optionB": "",
            "optionC": "",
            "optionD": "",
            "optionE": "",
            "optionF": "",
            "AnSwer": "Y",
            "ReMark": ""
        },
        {
            "ID": "2181",
            "ISSC": "",
            "Caption": "交、直流回路可以合用一条电缆。",
            "optionA": "",
            "optionB": "",
            "optionC": "",
            "optionD": "",
            "optionE": "",
            "optionF": "",
            "AnSwer": "N",
            "ReMark": ""
        },
        {
            "ID": "2237",
            "ISSC": "",
            "Caption": "火灾发生后，千万不要盲目跳楼，可利用疏散楼梯、阳台、窗口等逃生自救。也可用绳子或把床单、被套等撕成条状连成绳索，紧拴在窗框、铁栏杆等可靠的固定物上，用毛巾、布条等保护手心，顺绳滑下，或下到未着火的楼层进行逃生。",
            "optionA": "",
            "optionB": "",
            "optionC": "",
            "optionD": "",
            "optionE": "",
            "optionF": "",
            "AnSwer": "Y",
            "ReMark": ""
        },
        {
            "ID": "2250",
            "ISSC": "",
            "Caption": "火或热水等引起的大面积烧伤、烫伤，必须用湿毛巾、湿布、湿棉被覆盖，然后送医院进行处理。",
            "optionA": "",
            "optionB": "",
            "optionC": "",
            "optionD": "",
            "optionE": "",
            "optionF": "",
            "AnSwer": "Y",
            "ReMark": ""
        },
        {
            "ID": "2319",
            "ISSC": "",
            "Caption": "各种电源是否有电，可用试电笔检验",
            "optionA": "",
            "optionB": "",
            "optionC": "",
            "optionD": "",
            "optionE": "",
            "optionF": "",
            "AnSwer": "N",
            "ReMark": ""
        },
        {
            "ID": "2330",
            "ISSC": "",
            "Caption": "高压实验中的安全距离：10kV是0.7m；66kV是1.5m；220kV是3m。",
            "optionA": "",
            "optionB": "",
            "optionC": "",
            "optionD": "",
            "optionE": "",
            "optionF": "",
            "AnSwer": "Y",
            "ReMark": ""
        },
        {
            "ID": "2352",
            "ISSC": "",
            "Caption": "高校实验室发生安全事故的主要原因有：操作不慎、设备老化、自然灾害、网络攻击和监管不力。",
            "optionA": "",
            "optionB": "",
            "optionC": "",
            "optionD": "",
            "optionE": "",
            "optionF": "",
            "AnSwer": "Y",
            "ReMark": ""
        },
        {
            "ID": "2394",
            "ISSC": "",
            "Caption": "凡在潮湿工作场所或在金属容器内使用手提式电动用具或照明灯时，安全电压应采用12V。",
            "optionA": "",
            "optionB": "",
            "optionC": "",
            "optionD": "",
            "optionE": "",
            "optionF": "",
            "AnSwer": "Y",
            "ReMark": ""
        },
        {
            "ID": "2411",
            "ISSC": "",
            "Caption": "发生意外后先对伤员进行必要的止血、包扎、固定等处理，然后尽可能用担架搬运，搬运时病人始终处脚朝前，头朝后，以便于随时观察伤者情况变化，及时实施急救处理。",
            "optionA": "",
            "optionB": "",
            "optionC": "",
            "optionD": "",
            "optionE": "",
            "optionF": "",
            "AnSwer": "Y",
            "ReMark": ""
        },
        {
            "ID": "2441",
            "ISSC": "",
            "Caption": "对于容易产生静电的场所，应保持地面潮湿，或者铺设导电性能好的地板。",
            "optionA": "",
            "optionB": "",
            "optionC": "",
            "optionD": "",
            "optionE": "",
            "optionF": "",
            "AnSwer": "Y",
            "ReMark": ""
        },
        {
            "ID": "2454",
            "ISSC": "",
            "Caption": "对容易产生静电的场所，要保持空气潮湿；工作人员要穿防静电的衣服和鞋靴。",
            "optionA": "",
            "optionB": "",
            "optionC": "",
            "optionD": "",
            "optionE": "",
            "optionF": "",
            "AnSwer": "Y",
            "ReMark": ""
        },
        {
            "ID": "2455",
            "ISSC": "",
            "Caption": "对容易产生静电的场所，要保持地面潮湿，或者铺设导电性能好的地面；工作人员要穿防静电的衣服和鞋靴，静电及时导人大地，防止静电积聚，产生火花。",
            "optionA": "",
            "optionB": "",
            "optionC": "",
            "optionD": "",
            "optionE": "",
            "optionF": "",
            "AnSwer": "Y",
            "ReMark": ""
        },
        {
            "ID": "2478",
            "ISSC": "",
            "Caption": "短路是指电气线路中相线与相线，相线与零线或大地，在未通过负载或电阻很小的情况下相碰，造成电气回路中电流剧增的现象",
            "optionA": "",
            "optionB": "",
            "optionC": "",
            "optionD": "",
            "optionE": "",
            "optionF": "",
            "AnSwer": "Y",
            "ReMark": ""
        },
        {
            "ID": "2482",
            "ISSC": "",
            "Caption": "短路会使短路处甚至整个电路过热，从而导致线路的绝缘层燃烧，引发火灾。",
            "optionA": "",
            "optionB": "",
            "optionC": "",
            "optionD": "",
            "optionE": "",
            "optionF": "",
            "AnSwer": "Y",
            "ReMark": ""
        },
        {
            "ID": "2489",
            "ISSC": "",
            "Caption": "动力配电箱的闸刀开关可以带负荷拉开。",
            "optionA": "",
            "optionB": "",
            "optionC": "",
            "optionD": "",
            "optionE": "",
            "optionF": "",
            "AnSwer": "N",
            "ReMark": ""
        },
        {
            "ID": "2491",
            "ISSC": "",
            "Caption": "动力配电箱的闸刀开关(学校已规定不得使用)可以带负荷拉开",
            "optionA": "",
            "optionB": "",
            "optionC": "",
            "optionD": "",
            "optionE": "",
            "optionF": "",
            "AnSwer": "N",
            "ReMark": ""
        },
        {
            "ID": "2517",
            "ISSC": "",
            "Caption": "电气检修时，应在配电箱或开关处悬挂“禁止合闸，有人工作”的标示牌",
            "optionA": "",
            "optionB": "",
            "optionC": "",
            "optionD": "",
            "optionE": "",
            "optionF": "",
            "AnSwer": "Y",
            "ReMark": ""
        },
        {
            "ID": "2519",
            "ISSC": "",
            "Caption": "电路谐振时，电容的电压可以是电源电压的几倍。",
            "optionA": "",
            "optionB": "",
            "optionC": "",
            "optionD": "",
            "optionE": "",
            "optionF": "",
            "AnSwer": "Y",
            "ReMark": ""
        },
        {
            "ID": "2529",
            "ISSC": "",
            "Caption": "电流对人体的伤害有两种类型：即电击和电伤。",
            "optionA": "",
            "optionB": "",
            "optionC": "",
            "optionD": "",
            "optionE": "",
            "optionF": "",
            "AnSwer": "Y",
            "ReMark": ""
        },
        {
            "ID": "2536",
            "ISSC": "",
            "Caption": "电击（触电）通常指因为人体接触带电的线路或设备而受到伤害的事故。为了避免电击（触电）事故的发生，设备须可靠接地和人体对地绝缘。",
            "optionA": "",
            "optionB": "",
            "optionC": "",
            "optionD": "",
            "optionE": "",
            "optionF": "",
            "AnSwer": "Y",
            "ReMark": ""
        },
        {
            "ID": "2540",
            "ISSC": "",
            "Caption": "电分强电和弱电，弱电开关等元件不能用在强电电路",
            "optionA": "",
            "optionB": "",
            "optionC": "",
            "optionD": "",
            "optionE": "",
            "optionF": "",
            "AnSwer": "Y",
            "ReMark": ""
        },
        {
            "ID": "2548",
            "ISSC": "",
            "Caption": "电动工具应定期检修。",
            "optionA": "",
            "optionB": "",
            "optionC": "",
            "optionD": "",
            "optionE": "",
            "optionF": "",
            "AnSwer": "Y",
            "ReMark": ""
        },
        {
            "ID": "2549",
            "ISSC": "",
            "Caption": "电动工具的电源引线必须保证接地可靠",
            "optionA": "",
            "optionB": "",
            "optionC": "",
            "optionD": "",
            "optionE": "",
            "optionF": "",
            "AnSwer": "Y",
            "ReMark": ""
        },
        {
            "ID": "2552",
            "ISSC": "",
            "Caption": "电磁式电流互感器在使用中副边不许开路，电压互感器在使用中副边不许短路。",
            "optionA": "",
            "optionB": "",
            "optionC": "",
            "optionD": "",
            "optionE": "",
            "optionF": "",
            "AnSwer": "Y",
            "ReMark": ""
        },
        {
            "ID": "2553",
            "ISSC": "",
            "Caption": "电磁式电流互感器在使用中付边不许开路，电压互感器在使用中付边不许短路",
            "optionA": "",
            "optionB": "",
            "optionC": "",
            "optionD": "",
            "optionE": "",
            "optionF": "",
            "AnSwer": "Y",
            "ReMark": ""
        },
        {
            "ID": "2555",
            "ISSC": "",
            "Caption": "地线和零线的作用相同。",
            "optionA": "",
            "optionB": "",
            "optionC": "",
            "optionD": "",
            "optionE": "",
            "optionF": "",
            "AnSwer": "N",
            "ReMark": ""
        },
        {
            "ID": "2557",
            "ISSC": "",
            "Caption": "低压设备或做耐压实验的周围栏上可以不用悬挂标示牌。",
            "optionA": "",
            "optionB": "",
            "optionC": "",
            "optionD": "",
            "optionE": "",
            "optionF": "",
            "AnSwer": "N",
            "ReMark": ""
        },
        {
            "ID": "2590",
            "ISSC": "",
            "Caption": "当发生火情时尽快沿着疏散指示标志和安全出口相反方向迅速离开火场。",
            "optionA": "",
            "optionB": "",
            "optionC": "",
            "optionD": "",
            "optionE": "",
            "optionF": "",
            "AnSwer": "N",
            "ReMark": ""
        },
        {
            "ID": "2608",
            "ISSC": "",
            "Caption": "打开含有高压变压器或电容器的电子仪器的盖子是危险的",
            "optionA": "",
            "optionB": "",
            "optionC": "",
            "optionD": "",
            "optionE": "",
            "optionF": "",
            "AnSwer": "Y",
            "ReMark": ""
        },
        {
            "ID": "2626",
            "ISSC": "",
            "Caption": "创造安全、卫生的实验室工作环境，仅仅是实验工作人员的责任。",
            "optionA": "",
            "optionB": "",
            "optionC": "",
            "optionD": "",
            "optionE": "",
            "optionF": "",
            "AnSwer": "N",
            "ReMark": ""
        },
        {
            "ID": "2633",
            "ISSC": "",
            "Caption": "触电时，不可人去拉（可用木棒把伤员挑开），应立即切断电源，然后先做人工呼吸，再做心脏按压，同时报120送医院进行处理。",
            "optionA": "",
            "optionB": "",
            "optionC": "",
            "optionD": "",
            "optionE": "",
            "optionF": "",
            "AnSwer": "Y",
            "ReMark": ""
        },
        {
            "ID": "2645",
            "ISSC": "",
            "Caption": "初次进入实验室的操作人员应了解实验室具体的潜在危险，认真阅读、理解安全手册和操作手册。",
            "optionA": "",
            "optionB": "",
            "optionC": "",
            "optionD": "",
            "optionE": "",
            "optionF": "",
            "AnSwer": "Y",
            "ReMark": ""
        },
        {
            "ID": "2694",
            "ISSC": "",
            "Caption": "布线时，强、弱电可以合用同一电缆管线。",
            "optionA": "",
            "optionB": "",
            "optionC": "",
            "optionD": "",
            "optionE": "",
            "optionF": "",
            "AnSwer": "N",
            "ReMark": ""
        },
        {
            "ID": "2740",
            "ISSC": "",
            "Caption": "避雷针、避雷网、消雷器是用于防止直击雷的保护装置。",
            "optionA": "",
            "optionB": "",
            "optionC": "",
            "optionD": "",
            "optionE": "",
            "optionF": "",
            "AnSwer": "Y",
            "ReMark": ""
        },
        {
            "ID": "2752",
            "ISSC": "",
            "Caption": "被困在电梯中应尽快扒开门脱险。",
            "optionA": "",
            "optionB": "",
            "optionC": "",
            "optionD": "",
            "optionE": "",
            "optionF": "",
            "AnSwer": "N",
            "ReMark": ""
        },
        {
            "ID": "2760",
            "ISSC": "",
            "Caption": "保险丝和自动开关可以有效地防止电气火灾。",
            "optionA": "",
            "optionB": "",
            "optionC": "",
            "optionD": "",
            "optionE": "",
            "optionF": "",
            "AnSwer": "N",
            "ReMark": ""
        },
        {
            "ID": "2761",
            "ISSC": "",
            "Caption": "保险丝和空气开关可以有效地防止电气火灾。",
            "optionA": "",
            "optionB": "",
            "optionC": "",
            "optionD": "",
            "optionE": "",
            "optionF": "",
            "AnSwer": "N",
            "ReMark": ""
        },
        {
            "ID": "2764",
            "ISSC": "",
            "Caption": "保险丝断了，可以用细铜丝代替。",
            "optionA": "",
            "optionB": "",
            "optionC": "",
            "optionD": "",
            "optionE": "",
            "optionF": "",
            "AnSwer": "N",
            "ReMark": ""
        },
        {
            "ID": "2813",
            "ISSC": "",
            "Caption": "50毫安的工频电流就可以使人遭到致命电击。",
            "optionA": "",
            "optionB": "",
            "optionC": "",
            "optionD": "",
            "optionE": "",
            "optionF": "",
            "AnSwer": "Y",
            "ReMark": ""
        }
    ],
    "JianDaCount": 0,
    "E": []
}