{
    "OneName": "管理制度",
    "RadioCount": 12,
    "A": [
        {
            "ID": "3013",
            "ISSC": "",
            "Caption": "实验室的门应向疏散方向开启且采用（）。",
            "optionA": "闸门",
            "optionB": "推拉门",
            "optionC": "卷帘门",
            "optionD": "平开门",
            "optionE": "",
            "optionF": "",
            "AnSwer": "D",
            "ReMark": ""
        },
        {
            "ID": "3014",
            "ISSC": "",
            "Caption": "负责学校教学实验室安全和综合管理的归口部门是（）",
            "optionA": "保卫处",
            "optionB": "国有资产与实验室管理处",
            "optionC": "教务处",
            "optionD": "科学技术处",
            "optionE": "",
            "optionF": "",
            "AnSwer": "C",
            "ReMark": ""
        },
        {
            "ID": "3015",
            "ISSC": "",
            "Caption": "学院（中心）等二级单位（）是各单位实验室安全第一责任人，全面负责本单位的实验室安全管理工作，代表单位与学校签订“实验室安全管理责任书”",
            "optionA": "实验室主任",
            "optionB": "党政主要负责人",
            "optionC": "院长",
            "optionD": "书记",
            "optionE": "",
            "optionF": "",
            "AnSwer": "B",
            "ReMark": ""
        },
        {
            "ID": "3016",
            "ISSC": "",
            "Caption": "各二级单位成立实验室安全管理工作小组，组长由党政主要负责人担任，建立本单位实验室安全责任体系，设置（）具体实施本单位实验室安全管理工作。",
            "optionA": "助教",
            "optionB": "保洁人员",
            "optionC": "实验室安全员",
            "optionD": "保安",
            "optionE": "",
            "optionF": "",
            "AnSwer": "C",
            "ReMark": ""
        },
        {
            "ID": "3017",
            "ISSC": "",
            "Caption": "（）是本实验室的安全直接责任人，代表本实验室与学院（中心）等二级单位安全责任人签订“实验室安全管理责任书”",
            "optionA": "实验室负责人或科研项目组负责人",
            "optionB": "实验老师",
            "optionC": "实验学生",
            "optionD": "实验室主任",
            "optionE": "",
            "optionF": "",
            "AnSwer": "A",
            "ReMark": ""
        },
        {
            "ID": "3018",
            "ISSC": "",
            "Caption": "特种设备购置安装后必须经()部门检验，办理注册登记手续并取得特种设备使用登记证后方可正式使用。",
            "optionA": "国家特种设备检验",
            "optionB": "保卫处",
            "optionC": "国有资产与实验室管理处",
            "optionD": "科学技术处",
            "optionE": "",
            "optionF": "",
            "AnSwer": "A",
            "ReMark": ""
        },
        {
            "ID": "3019",
            "ISSC": "",
            "Caption": "电气设备处于（）状态时，必须有人在场监管。",
            "optionA": "废弃",
            "optionB": "工作",
            "optionC": "备用",
            "optionD": "停用",
            "optionE": "",
            "optionF": "",
            "AnSwer": "B",
            "ReMark": ""
        },
        {
            "ID": "3020",
            "ISSC": "",
            "Caption": "危险化学品采购应严格控制采购量，采购计划应以满足（）教学周期的需求量为准。",
            "optionA": "最小",
            "optionB": "最大",
            "optionC": "3个",
            "optionD": "4个",
            "optionE": "",
            "optionF": "",
            "AnSwer": "A",
            "ReMark": ""
        },
        {
            "ID": "3021",
            "ISSC": "",
            "Caption": "学院（中心）应当建立实验室卫生检查管理制度，组织（）检查和督查",
            "optionA": "一次",
            "optionB": "二次",
            "optionC": "三次",
            "optionD": "定期或不定期",
            "optionE": "",
            "optionF": "",
            "AnSwer": "D",
            "ReMark": ""
        },
        {
            "ID": "3022",
            "ISSC": "",
            "Caption": "实验室的钥匙必须指定专人负责配发和管理，（）私自配置钥匙或借给他人使用。",
            "optionA": "不得",
            "optionB": "可以",
            "optionC": "特殊情况可以",
            "optionD": "偶尔可以",
            "optionE": "",
            "optionF": "",
            "AnSwer": "A",
            "ReMark": ""
        },
        {
            "ID": "3024",
            "ISSC": "",
            "Caption": "危险化学品的验收应在哪里进行。",
            "optionA": "库房里面",
            "optionB": "库房外安全地点",
            "optionC": "实验室",
            "optionD": "办公室",
            "optionE": "",
            "optionF": "",
            "AnSwer": "B",
            "ReMark": ""
        },
        {
            "ID": "3025",
            "ISSC": "",
            "Caption": "（）为本单位实验室废弃物处置管理的第一责任人，应指定专人具体负责本单位实验室废弃物的分类收集及暂存的安全管理工作。",
            "optionA": "危险废弃物产生单位（院、所、中心）",
            "optionB": "做实验的学生",
            "optionC": "实验老师",
            "optionD": "保洁人员",
            "optionE": "",
            "optionF": "",
            "AnSwer": "A",
            "ReMark": ""
        }
    ],
    "CheckCount": 16,
    "B": [
        {
            "ID": "3005",
            "ISSC": "",
            "Caption": "以下关于实验室插线板说法正确的是（）",
            "optionA": "使用符合国家标准的阻燃插线板",
            "optionB": "长度不宜超过3 m，且不能直接敷设在木质板材等可燃易燃材料上",
            "optionC": "一个固定插座（需符合国家标准）不得连接一个以上插座板，不得接力串联插座或插线板",
            "optionD": "当需要敷设时，须进防火行隔热处理",
            "optionE": "",
            "optionF": "",
            "AnSwer": "A|B|C|D",
            "ReMark": ""
        },
        {
            "ID": "3006",
            "ISSC": "",
            "Caption": "实验室用电防火安全管理应符合下列要求（）",
            "optionA": "不应随意乱接电线，擅自增加超负荷用电设备",
            "optionB": "实验室内严禁电动自行车停放、充电",
            "optionC": "实验室应定期进行防雷检测",
            "optionD": "实验室应定期检查、检测电气线路、设备，严防线路老化和长时间超负荷运行",
            "optionE": "实验室应配备专用的灭火器材，有专人管理并定期检查，保持灭火器材的有效性",
            "optionF": "",
            "AnSwer": "A|B|C|D|E",
            "ReMark": ""
        },
        {
            "ID": "3007",
            "ISSC": "",
            "Caption": "实验室内应配备合适的灭火设备和器材，定期开展使用训练，主要包括下列内容：",
            "optionA": "烟感报警器、灭火器、灭火毯、消防砂、消防喷淋等，应完好有效；",
            "optionB": "灭火器种类配置正确，且在有效期内，压力正常，瓶身无破损、腐蚀；",
            "optionC": "在显著位置张贴有紧急逃生疏散路线图，疏散路线图的逃生路线应有二条（含）以上，疏散路线与现场实际情况一致；",
            "optionD": "主要逃生路径（室内、楼梯、通道和出口处）有足够的紧急照明灯，功能正常，并设置有效标识指示逃生方向；",
            "optionE": "人员应熟悉紧急疏散路线及火场逃生注意事项",
            "optionF": "",
            "AnSwer": "A|B|C|D|E",
            "ReMark": ""
        },
        {
            "ID": "3008",
            "ISSC": "",
            "Caption": "实验室师生员工的职责（）",
            "optionA": "主动接受消防安全宣传教育培训，遵守消防安全管理制度和操作规程",
            "optionB": "熟悉实验室消防设施、器材及安全出口的位置，参加单位应急疏散预案演练",
            "optionC": "知悉实验室火灾危险性和危害性，会报火警、会组织疏散逃生和自救",
            "optionD": "每次实验前及实验后应检查本岗位工作设施、设备、场地、电源、电气设备的使用状态等，发现隐患及时处置并向消防安全工作归口管理部门报告",
            "optionE": "监督其他人员遵守消防安全管理制度，制止违反操作规程等不利于消防安全的行为",
            "optionF": "",
            "AnSwer": "A|B|C|D|E",
            "ReMark": ""
        },
        {
            "ID": "3009",
            "ISSC": "",
            "Caption": "高校实验室安全工作应坚持（）的方针",
            "optionA": "安全第一",
            "optionB": "预防为主",
            "optionC": "综合治理",
            "optionD": "实验第一",
            "optionE": "",
            "optionF": "",
            "AnSwer": "A|B|C",
            "ReMark": ""
        },
        {
            "ID": "3026",
            "ISSC": "",
            "Caption": "实行学校党政主要负责人统一领导下的分级责任制，建立（）、（）、（）三级安全管理责任体系，根据“谁使用、谁负责，谁主管、谁负责”的原则，逐级分层落实责任制，逐级签订安全责任书，层层落实安全责任。",
            "optionA": "学校",
            "optionB": "二级单位（院、中心、直属单位等）",
            "optionC": "实验室",
            "optionD": "办公室",
            "optionE": "",
            "optionF": "",
            "AnSwer": "A|B|C",
            "ReMark": ""
        },
        {
            "ID": "3027",
            "ISSC": "",
            "Caption": "实验室安全管理工作是学校综合治理的重要部分，必须贯彻（）的方针。",
            "optionA": "以人为本",
            "optionB": "安全第一",
            "optionC": "预防为主",
            "optionD": "综合治理",
            "optionE": "",
            "optionF": "",
            "AnSwer": "A|B|C|D",
            "ReMark": ""
        },
        {
            "ID": "3029",
            "ISSC": "",
            "Caption": "实验室安全的相关规定包括哪些（）",
            "optionA": "操作规程",
            "optionB": "仪器操作说明",
            "optionC": "应急预案",
            "optionD": "值班制度",
            "optionE": "",
            "optionF": "",
            "AnSwer": "A|B|C|D",
            "ReMark": ""
        },
        {
            "ID": "3030",
            "ISSC": "",
            "Caption": "实验室内哪些物品应建立危险性物品台帐。",
            "optionA": "剧毒、易制毒、易燃易爆等危险化学品",
            "optionB": "危险性气瓶",
            "optionC": "病原微生物",
            "optionD": "特种设备",
            "optionE": "实验废弃物",
            "optionF": "",
            "AnSwer": "A|B|C|D|E",
            "ReMark": ""
        },
        {
            "ID": "3031",
            "ISSC": "",
            "Caption": "对所有进入实验室工作学习的人员进行以下哪些方面的安全教育培训？",
            "optionA": "安全基本常识",
            "optionB": "仪器设备操作",
            "optionC": "实验流程及防护",
            "optionD": "意外事故处理",
            "optionE": "",
            "optionF": "",
            "AnSwer": "A|B|C|D",
            "ReMark": ""
        },
        {
            "ID": "3032",
            "ISSC": "",
            "Caption": "各二级单位成立实验室安全管理工作小组，组长（）由担任，建立本单位实验室安全责任体系，设置（）具体实施本单位实验室安全管理工作。",
            "optionA": "院长",
            "optionB": "党政主要负责人",
            "optionC": "实验室安全员",
            "optionD": "教辅人员",
            "optionE": "",
            "optionF": "",
            "AnSwer": "B|C",
            "ReMark": ""
        },
        {
            "ID": "3033",
            "ISSC": "",
            "Caption": "哪两类气体气瓶必须安放在符合贮存条件的环境中，配备监测报警装置。",
            "optionA": "易燃气体",
            "optionB": "有毒气体",
            "optionC": "助燃气体",
            "optionD": "惰性气体",
            "optionE": "",
            "optionF": "",
            "AnSwer": "A|B",
            "ReMark": ""
        },
        {
            "ID": "3034",
            "ISSC": "",
            "Caption": "以下哪些仪器设备必须有安全接地等安全保护措施",
            "optionA": "精密仪器",
            "optionB": "电话",
            "optionC": "大功率仪器设备",
            "optionD": "电气仪器设备",
            "optionE": "",
            "optionF": "",
            "AnSwer": "A|C|D",
            "ReMark": ""
        },
        {
            "ID": "3035",
            "ISSC": "",
            "Caption": "为了降低危险化学品废弃物的毒害性以及处理成本，在确保人员安全和方案可行的情况下，应尽量做到以下几点：",
            "optionA": "应尽可能对大量使用的有机溶剂自行回收提纯再利用；",
            "optionB": "应尽可能对某些有毒有害废液进行无害化处理；",
            "optionC": "对于强酸强碱废液，需先行进行中和处理；",
            "optionD": "剩余的但尚可使用的试剂当作危险废弃物处理。",
            "optionE": "",
            "optionF": "",
            "AnSwer": "A|B|C",
            "ReMark": ""
        },
        {
            "ID": "3036",
            "ISSC": "",
            "Caption": "关于特种设备错误的是（）。",
            "optionA": "购置选择具有特种设备生产资质的厂商",
            "optionB": "自行设计、制造特种设备",
            "optionC": "使用自制的特种设备",
            "optionD": "对原有的特种设备擅自进行改造或维修",
            "optionE": "",
            "optionF": "",
            "AnSwer": "B|C|D",
            "ReMark": ""
        },
        {
            "ID": "3037",
            "ISSC": "",
            "Caption": "实验室必须规范（）管理，按相关规范安装用电、用水设施和设备，严禁超负荷用电，不得拆装、乱接、乱拉线路。",
            "optionA": "用电",
            "optionB": "用水",
            "optionC": "用钱",
            "optionD": "用气",
            "optionE": "",
            "optionF": "",
            "AnSwer": "A|B|D",
            "ReMark": ""
        }
    ],
    "YorNCount": 21,
    "C": [
        {
            "ID": "3001",
            "ISSC": "",
            "Caption": "实验室垃圾桶（箱）应与可燃物保持安全距离",
            "optionA": "",
            "optionB": "",
            "optionC": "",
            "optionD": "",
            "optionE": "",
            "optionF": "",
            "AnSwer": "Y",
            "ReMark": ""
        },
        {
            "ID": "3002",
            "ISSC": "",
            "Caption": "火灾事故相关人员应主动配合接受事故调查，如实提供火灾事故情况，如实申报火灾直接财产损失。",
            "optionA": "",
            "optionB": "",
            "optionC": "",
            "optionD": "",
            "optionE": "",
            "optionF": "",
            "AnSwer": "Y",
            "ReMark": ""
        },
        {
            "ID": "3003",
            "ISSC": "",
            "Caption": "实验室可以使用非教学科研的大功率电器设备",
            "optionA": "",
            "optionB": "",
            "optionC": "",
            "optionD": "",
            "optionE": "",
            "optionF": "",
            "AnSwer": "N",
            "ReMark": ""
        },
        {
            "ID": "3004",
            "ISSC": "",
            "Caption": "化学实验室、物理实验室、生物实验室、设置大型实验设备的实验室、综合实验室等宜设置两个（含）以上疏散门",
            "optionA": "",
            "optionB": "",
            "optionC": "",
            "optionD": "",
            "optionE": "",
            "optionF": "",
            "AnSwer": "Y",
            "ReMark": ""
        },
        {
            "ID": "3010",
            "ISSC": "",
            "Caption": "＜div＞ 使用仪器设备必须严格遵守操作规程。学生使用必须先初步了解使用方法，在教师指导下进行。＜／div＞",
            "optionA": "",
            "optionB": "",
            "optionC": "",
            "optionD": "",
            "optionE": "",
            "optionF": "",
            "AnSwer": "Y",
            "ReMark": ""
        },
        {
            "ID": "3011",
            "ISSC": "",
            "Caption": "＜div＞ 严禁在实验室区域吸烟、烹饪、用膳，不得让与工作无关的外来人员进入实验室，不得在实验室内留宿和进行娱乐活动等。＜／div＞",
            "optionA": "",
            "optionB": "",
            "optionC": "",
            "optionD": "",
            "optionE": "",
            "optionF": "",
            "AnSwer": "Y",
            "ReMark": ""
        },
        {
            "ID": "3038",
            "ISSC": "",
            "Caption": "实验室工作人员上岗前应接受专业的危险化学品安全使用和危险化学品事故紧急处置能力的培训，熟悉危险化学品安全管理制度和应急预案，掌握危险化学品的特性和安全操作规程，考核合格后方可上岗。",
            "optionA": "",
            "optionB": "",
            "optionC": "",
            "optionD": "",
            "optionE": "",
            "optionF": "",
            "AnSwer": "Y",
            "ReMark": ""
        },
        {
            "ID": "3039",
            "ISSC": "",
            "Caption": "外来实习、短期工作人员、保洁人员及其他实验室辅助工作人员上岗前不用接受危险化学品相关的安全知识培训，即可上岗。",
            "optionA": "",
            "optionB": "",
            "optionC": "",
            "optionD": "",
            "optionE": "",
            "optionF": "",
            "AnSwer": "N",
            "ReMark": ""
        },
        {
            "ID": "3040",
            "ISSC": "",
            "Caption": "实验室和化学品仓库应设专（兼）职安全员.",
            "optionA": "",
            "optionB": "",
            "optionC": "",
            "optionD": "",
            "optionE": "",
            "optionF": "",
            "AnSwer": "Y",
            "ReMark": ""
        },
        {
            "ID": "3041",
            "ISSC": "",
            "Caption": "实验工作区和办公休息区可以不用隔开设置。",
            "optionA": "",
            "optionB": "",
            "optionC": "",
            "optionD": "",
            "optionE": "",
            "optionF": "",
            "AnSwer": "N",
            "ReMark": ""
        },
        {
            "ID": "3042",
            "ISSC": "",
            "Caption": "使用或产生可燃、有毒有害气体的实验室可以设吊顶，并应设相应气体测报仪，且与风机联锁。",
            "optionA": "",
            "optionB": "",
            "optionC": "",
            "optionD": "",
            "optionE": "",
            "optionF": "",
            "AnSwer": "N",
            "ReMark": ""
        },
        {
            "ID": "3043",
            "ISSC": "",
            "Caption": "危险化学品储存应当符合有关安全、防火规定，按照化学品的种类、性质进行分项、分类、分间存放，相互之间保持安全距离或隔离存放。",
            "optionA": "",
            "optionB": "",
            "optionC": "",
            "optionD": "",
            "optionE": "",
            "optionF": "",
            "AnSwer": "Y",
            "ReMark": ""
        },
        {
            "ID": "3044",
            "ISSC": "",
            "Caption": "危险化学品存储仓库应设置相应的安全设施，定期进行安全检查，必须做到“四无一保”，即“无被盗、无事故、无丢失、无违章，保安全”。",
            "optionA": "",
            "optionB": "",
            "optionC": "",
            "optionD": "",
            "optionE": "",
            "optionF": "",
            "AnSwer": "Y",
            "ReMark": ""
        },
        {
            "ID": "3045",
            "ISSC": "",
            "Caption": "各种压力气瓶竖直放置时，可以不用采取防止倾倒的措施。",
            "optionA": "",
            "optionB": "",
            "optionC": "",
            "optionD": "",
            "optionE": "",
            "optionF": "",
            "AnSwer": "N",
            "ReMark": ""
        },
        {
            "ID": "3046",
            "ISSC": "",
            "Caption": "对出现老化现象或具有潜在安全隐患的仪器设备应及时维修或报废，消除安全隐患。",
            "optionA": "",
            "optionB": "",
            "optionC": "",
            "optionD": "",
            "optionE": "",
            "optionF": "",
            "AnSwer": "Y",
            "ReMark": ""
        },
        {
            "ID": "3047",
            "ISSC": "",
            "Caption": "实验室管理人员应当接受消防安全知识和相关技能培训，了解不同火源所对应的灭火方法，熟悉本岗位的防火要求，掌握所配灭火器的使用方法，保证安全教学。",
            "optionA": "",
            "optionB": "",
            "optionC": "",
            "optionD": "",
            "optionE": "",
            "optionF": "",
            "AnSwer": "Y",
            "ReMark": ""
        },
        {
            "ID": "3048",
            "ISSC": "",
            "Caption": "无需配备加热设备的实验室，可以适当使用电加热器具（包括各种电炉、电取暖器、热得快、电吹风等）和明火。",
            "optionA": "",
            "optionB": "",
            "optionC": "",
            "optionD": "",
            "optionE": "",
            "optionF": "",
            "AnSwer": "N",
            "ReMark": ""
        },
        {
            "ID": "3049",
            "ISSC": "",
            "Caption": "不得在实验室堆放与实验需要无关的杂物、可燃物、易爆物。",
            "optionA": "",
            "optionB": "",
            "optionC": "",
            "optionD": "",
            "optionE": "",
            "optionF": "",
            "AnSwer": "Y",
            "ReMark": ""
        },
        {
            "ID": "3050",
            "ISSC": "",
            "Caption": "各单位或各实验大楼都必须有一套所有房间的备用钥匙，由单位办公室或大楼值班室保管，以备紧急之需。",
            "optionA": "",
            "optionB": "",
            "optionC": "",
            "optionD": "",
            "optionE": "",
            "optionF": "",
            "AnSwer": "Y",
            "ReMark": ""
        },
        {
            "ID": "3051",
            "ISSC": "",
            "Caption": "化学品安全标签脱落后应确认后及时补上，如不能确认，则以废弃化学品处置。",
            "optionA": "",
            "optionB": "",
            "optionC": "",
            "optionD": "",
            "optionE": "",
            "optionF": "",
            "AnSwer": "Y",
            "ReMark": ""
        },
        {
            "ID": "3052",
            "ISSC": "",
            "Caption": "实验室危险废弃物，是指实验室在教学、科研等过程中产生的危害人体健康、污染环境或存在安全隐患的废弃物及其污染物，以及其他列入《国家危险废物名录》或根据国家规定的危险废物鉴别标准和鉴别方法认定的具有危险废物特性的废物。",
            "optionA": "",
            "optionB": "",
            "optionC": "",
            "optionD": "",
            "optionE": "",
            "optionF": "",
            "AnSwer": "Y",
            "ReMark": ""
        }
    ],
    "JianDaCount": 0,
    "E": []
}